{
    "row_count": 5000000,
    "memory_size_gb": 0.23748737946152687,
    "average_filtered_value": 7500.750655602975,
    "total_operation_time_mean": 22.046874046325684,
    "loading_time_mean": 8.209834098815918,
    "loading_time_std": 0.0,
    "loading_time_min": 8.209834098815918,
    "loading_time_max": 8.209834098815918,
    "loading_time_runs": [
        8.209834098815918
    ],
    "loading_memory_mean": 1.41015625,
    "loading_memory_std": 0.0,
    "loading_memory_min": 1.41015625,
    "loading_memory_max": 1.41015625,
    "loading_memory_runs": [
        1.41015625
    ],
    "cleaning_time_mean": 0.0010182857513427734,
    "cleaning_time_std": 0.0,
    "cleaning_time_min": 0.0010182857513427734,
    "cleaning_time_max": 0.0010182857513427734,
    "cleaning_time_runs": [
        0.0010182857513427734
    ],
    "cleaning_memory_mean": 0.00390625,
    "cleaning_memory_std": 0.0,
    "cleaning_memory_min": 0.00390625,
    "cleaning_memory_max": 0.00390625,
    "cleaning_memory_runs": [
        0.00390625
    ],
    "aggregation_time_mean": 0.017824411392211914,
    "aggregation_time_std": 0.0,
    "aggregation_time_min": 0.017824411392211914,
    "aggregation_time_max": 0.017824411392211914,
    "aggregation_time_runs": [
        0.017824411392211914
    ],
    "aggregation_memory_mean": -2.78125,
    "aggregation_memory_std": 0.0,
    "aggregation_memory_min": -2.78125,
    "aggregation_memory_max": -2.78125,
    "aggregation_memory_runs": [
        -2.78125
    ],
    "sorting_time_mean": 0.0,
    "sorting_time_std": 0.0,
    "sorting_time_min": 0.0,
    "sorting_time_max": 0.0,
    "sorting_time_runs": [
        0.0
    ],
    "sorting_memory_mean": 0.0,
    "sorting_memory_std": 0.0,
    "sorting_memory_min": 0.0,
    "sorting_memory_max": 0.0,
    "sorting_memory_runs": [
        0.0
    ],
    "filtering_time_mean": 6.424509763717651,
    "filtering_time_std": 0.0,
    "filtering_time_min": 6.424509763717651,
    "filtering_time_max": 6.424509763717651,
    "filtering_time_runs": [
        6.424509763717651
    ],
    "filtering_memory_mean": 1.96484375,
    "filtering_memory_std": 0.0,
    "filtering_memory_min": 1.96484375,
    "filtering_memory_max": 1.96484375,
    "filtering_memory_runs": [
        1.96484375
    ],
    "correlation_time_mean": 7.39368748664856,
    "correlation_time_std": 0.0,
    "correlation_time_min": 7.39368748664856,
    "correlation_time_max": 7.39368748664856,
    "correlation_time_runs": [
        7.39368748664856
    ],
    "correlation_memory_mean": -0.73828125,
    "correlation_memory_std": 0.0,
    "correlation_memory_min": -0.73828125,
    "correlation_memory_max": -0.73828125,
    "correlation_memory_runs": [
        -0.73828125
    ]
}