{
    "memory_size_gb": 0.059604644775390625,
    "row_count": 1000000,
    "average_filtered_value": 7501.080798188406,
    "total_operation_time_mean": 0.20956921577453613,
    "loading_time_mean": 0.08698725700378418,
    "loading_time_std": 0.0,
    "loading_time_min": 0.08698725700378418,
    "loading_time_max": 0.08698725700378418,
    "loading_time_runs": [
        0.08698725700378418
    ],
    "loading_memory_mean": 76.1484375,
    "loading_memory_std": 0.0,
    "loading_memory_min": 76.1484375,
    "loading_memory_max": 76.1484375,
    "loading_memory_runs": [
        76.1484375
    ],
    "cleaning_time_mean": 0.016368389129638672,
    "cleaning_time_std": 0.0,
    "cleaning_time_min": 0.016368389129638672,
    "cleaning_time_max": 0.016368389129638672,
    "cleaning_time_runs": [
        0.016368389129638672
    ],
    "cleaning_memory_mean": 3.76953125,
    "cleaning_memory_std": 0.0,
    "cleaning_memory_min": 3.76953125,
    "cleaning_memory_max": 3.76953125,
    "cleaning_memory_runs": [
        3.76953125
    ],
    "aggregation_time_mean": 0.027156591415405273,
    "aggregation_time_std": 0.0,
    "aggregation_time_min": 0.027156591415405273,
    "aggregation_time_max": 0.027156591415405273,
    "aggregation_time_runs": [
        0.027156591415405273
    ],
    "aggregation_memory_mean": 137.34375,
    "aggregation_memory_std": 0.0,
    "aggregation_memory_min": 137.34375,
    "aggregation_memory_max": 137.34375,
    "aggregation_memory_runs": [
        137.34375
    ],
    "sorting_time_mean": 0.03506827354431152,
    "sorting_time_std": 0.0,
    "sorting_time_min": 0.03506827354431152,
    "sorting_time_max": 0.03506827354431152,
    "sorting_time_runs": [
        0.03506827354431152
    ],
    "sorting_memory_mean": 94.36328125,
    "sorting_memory_std": 0.0,
    "sorting_memory_min": 94.36328125,
    "sorting_memory_max": 94.36328125,
    "sorting_memory_runs": [
        94.36328125
    ],
    "filtering_time_mean": 0.008503198623657227,
    "filtering_time_std": 0.0,
    "filtering_time_min": 0.008503198623657227,
    "filtering_time_max": 0.008503198623657227,
    "filtering_time_runs": [
        0.008503198623657227
    ],
    "filtering_memory_mean": 19.2890625,
    "filtering_memory_std": 0.0,
    "filtering_memory_min": 19.2890625,
    "filtering_memory_max": 19.2890625,
    "filtering_memory_runs": [
        19.2890625
    ],
    "correlation_time_mean": 0.03548550605773926,
    "correlation_time_std": 0.0,
    "correlation_time_min": 0.03548550605773926,
    "correlation_time_max": 0.03548550605773926,
    "correlation_time_runs": [
        0.03548550605773926
    ],
    "correlation_memory_mean": 61.51953125,
    "correlation_memory_std": 0.0,
    "correlation_memory_min": 61.51953125,
    "correlation_memory_max": 61.51953125,
    "correlation_memory_runs": [
        61.51953125
    ]
}