{
    "memory_size_gb": 0.21886080503463745,
    "row_count": 5000000,
    "average_filtered_value": 7500.750655602975,
    "total_operation_time_mean": 3.6638710498809814,
    "loading_time_mean": 0.2797675132751465,
    "loading_time_std": 0.0,
    "loading_time_min": 0.2797675132751465,
    "loading_time_max": 0.2797675132751465,
    "loading_time_runs": [
        0.2797675132751465
    ],
    "loading_memory_mean": 521.5078125,
    "loading_memory_std": 0.0,
    "loading_memory_min": 521.5078125,
    "loading_memory_max": 521.5078125,
    "loading_memory_runs": [
        521.5078125
    ],
    "cleaning_time_mean": 0.09215569496154785,
    "cleaning_time_std": 0.0,
    "cleaning_time_min": 0.09215569496154785,
    "cleaning_time_max": 0.09215569496154785,
    "cleaning_time_runs": [
        0.09215569496154785
    ],
    "cleaning_memory_mean": 137.1171875,
    "cleaning_memory_std": 0.0,
    "cleaning_memory_min": 137.1171875,
    "cleaning_memory_max": 137.1171875,
    "cleaning_memory_runs": [
        137.1171875
    ],
    "aggregation_time_mean": 1.556492805480957,
    "aggregation_time_std": 0.0,
    "aggregation_time_min": 1.556492805480957,
    "aggregation_time_max": 1.556492805480957,
    "aggregation_time_runs": [
        1.556492805480957
    ],
    "aggregation_memory_mean": 131.05078125,
    "aggregation_memory_std": 0.0,
    "aggregation_memory_min": 131.05078125,
    "aggregation_memory_max": 131.05078125,
    "aggregation_memory_runs": [
        131.05078125
    ],
    "sorting_time_mean": 1.3805148601531982,
    "sorting_time_std": 0.0,
    "sorting_time_min": 1.3805148601531982,
    "sorting_time_max": 1.3805148601531982,
    "sorting_time_runs": [
        1.3805148601531982
    ],
    "sorting_memory_mean": 290.6328125,
    "sorting_memory_std": 0.0,
    "sorting_memory_min": 290.6328125,
    "sorting_memory_max": 290.6328125,
    "sorting_memory_runs": [
        290.6328125
    ],
    "filtering_time_mean": 0.10064959526062012,
    "filtering_time_std": 0.0,
    "filtering_time_min": 0.10064959526062012,
    "filtering_time_max": 0.10064959526062012,
    "filtering_time_runs": [
        0.10064959526062012
    ],
    "filtering_memory_mean": 89.296875,
    "filtering_memory_std": 0.0,
    "filtering_memory_min": 89.296875,
    "filtering_memory_max": 89.296875,
    "filtering_memory_runs": [
        89.296875
    ],
    "correlation_time_mean": 0.2542905807495117,
    "correlation_time_std": 0.0,
    "correlation_time_min": 0.2542905807495117,
    "correlation_time_max": 0.2542905807495117,
    "correlation_time_runs": [
        0.2542905807495117
    ],
    "correlation_memory_mean": 0.0234375,
    "correlation_memory_std": 0.0,
    "correlation_memory_min": 0.0234375,
    "correlation_memory_max": 0.0234375,
    "correlation_memory_runs": [
        0.0234375
    ]
}