{
    "memory_size_gb": 0.693835437297821,
    "row_count": 5000000,
    "average_filtered_value": 7500.750655602975,
    "total_operation_time_mean": 5.254967451095581,
    "loading_time_mean": 3.2090978622436523,
    "loading_time_std": 0.0,
    "loading_time_min": 3.2090978622436523,
    "loading_time_max": 3.2090978622436523,
    "loading_time_runs": [
        3.2090978622436523
    ],
    "loading_memory_mean": 423.30859375,
    "loading_memory_std": 0.0,
    "loading_memory_min": 423.30859375,
    "loading_memory_max": 423.30859375,
    "loading_memory_runs": [
        423.30859375
    ],
    "cleaning_time_mean": 0.31215691566467285,
    "cleaning_time_std": 0.0,
    "cleaning_time_min": 0.31215691566467285,
    "cleaning_time_max": 0.31215691566467285,
    "cleaning_time_runs": [
        0.31215691566467285
    ],
    "cleaning_memory_mean": 190.74609375,
    "cleaning_memory_std": 0.0,
    "cleaning_memory_min": 190.74609375,
    "cleaning_memory_max": 190.74609375,
    "cleaning_memory_runs": [
        190.74609375
    ],
    "aggregation_time_mean": 0.4403071403503418,
    "aggregation_time_std": 0.0,
    "aggregation_time_min": 0.4403071403503418,
    "aggregation_time_max": 0.4403071403503418,
    "aggregation_time_runs": [
        0.4403071403503418
    ],
    "aggregation_memory_mean": 1.39453125,
    "aggregation_memory_std": 0.0,
    "aggregation_memory_min": 1.39453125,
    "aggregation_memory_max": 1.39453125,
    "aggregation_memory_runs": [
        1.39453125
    ],
    "sorting_time_mean": 0.8011527061462402,
    "sorting_time_std": 0.0,
    "sorting_time_min": 0.8011527061462402,
    "sorting_time_max": 0.8011527061462402,
    "sorting_time_runs": [
        0.8011527061462402
    ],
    "sorting_memory_mean": 228.94140625,
    "sorting_memory_std": 0.0,
    "sorting_memory_min": 228.94140625,
    "sorting_memory_max": 228.94140625,
    "sorting_memory_runs": [
        228.94140625
    ],
    "filtering_time_mean": 0.08467483520507812,
    "filtering_time_std": 0.0,
    "filtering_time_min": 0.08467483520507812,
    "filtering_time_max": 0.08467483520507812,
    "filtering_time_runs": [
        0.08467483520507812
    ],
    "filtering_memory_mean": 114.4375,
    "filtering_memory_std": 0.0,
    "filtering_memory_min": 114.4375,
    "filtering_memory_max": 114.4375,
    "filtering_memory_runs": [
        114.4375
    ],
    "correlation_time_mean": 0.4075779914855957,
    "correlation_time_std": 0.0,
    "correlation_time_min": 0.4075779914855957,
    "correlation_time_max": 0.4075779914855957,
    "correlation_time_runs": [
        0.4075779914855957
    ],
    "correlation_memory_mean": 0.09375,
    "correlation_memory_std": 0.0,
    "correlation_memory_min": 0.09375,
    "correlation_memory_max": 0.09375,
    "correlation_memory_runs": [
        0.09375
    ]
}