{
    "row_count": 1000000,
    "memory_size_gb": 0.1277141273021698,
    "average_filtered_value": 7501.080798188406,
    "total_operation_time_mean": 17.0403254032135,
    "loading_time_mean": 3.3337531089782715,
    "loading_time_std": 0.0,
    "loading_time_min": 3.3337531089782715,
    "loading_time_max": 3.3337531089782715,
    "loading_time_runs": [
        3.3337531089782715
    ],
    "loading_memory_mean": 0.38671875,
    "loading_memory_std": 0.0,
    "loading_memory_min": 0.38671875,
    "loading_memory_max": 0.38671875,
    "loading_memory_runs": [
        0.38671875
    ],
    "cleaning_time_mean": 0.04851579666137695,
    "cleaning_time_std": 0.0,
    "cleaning_time_min": 0.04851579666137695,
    "cleaning_time_max": 0.04851579666137695,
    "cleaning_time_runs": [
        0.04851579666137695
    ],
    "cleaning_memory_mean": 0.0,
    "cleaning_memory_std": 0.0,
    "cleaning_memory_min": 0.0,
    "cleaning_memory_max": 0.0,
    "cleaning_memory_runs": [
        0.0
    ],
    "aggregation_time_mean": 0.10715651512145996,
    "aggregation_time_std": 0.0,
    "aggregation_time_min": 0.10715651512145996,
    "aggregation_time_max": 0.10715651512145996,
    "aggregation_time_runs": [
        0.10715651512145996
    ],
    "aggregation_memory_mean": 0.0,
    "aggregation_memory_std": 0.0,
    "aggregation_memory_min": 0.0,
    "aggregation_memory_max": 0.0,
    "aggregation_memory_runs": [
        0.0
    ],
    "sorting_time_mean": 0.017207622528076172,
    "sorting_time_std": 0.0,
    "sorting_time_min": 0.017207622528076172,
    "sorting_time_max": 0.017207622528076172,
    "sorting_time_runs": [
        0.017207622528076172
    ],
    "sorting_memory_mean": 0.0,
    "sorting_memory_std": 0.0,
    "sorting_memory_min": 0.0,
    "sorting_memory_max": 0.0,
    "sorting_memory_runs": [
        0.0
    ],
    "filtering_time_mean": 0.958655834197998,
    "filtering_time_std": 0.0,
    "filtering_time_min": 0.958655834197998,
    "filtering_time_max": 0.958655834197998,
    "filtering_time_runs": [
        0.958655834197998
    ],
    "filtering_memory_mean": 0.0,
    "filtering_memory_std": 0.0,
    "filtering_memory_min": 0.0,
    "filtering_memory_max": 0.0,
    "filtering_memory_runs": [
        0.0
    ],
    "correlation_time_mean": 12.575036525726318,
    "correlation_time_std": 0.0,
    "correlation_time_min": 12.575036525726318,
    "correlation_time_max": 12.575036525726318,
    "correlation_time_runs": [
        12.575036525726318
    ],
    "correlation_memory_mean": 0.00390625,
    "correlation_memory_std": 0.0,
    "correlation_memory_min": 0.00390625,
    "correlation_memory_max": 0.00390625,
    "correlation_memory_runs": [
        0.00390625
    ]
}