{
    "row_count": 5000000,
    "memory_size_gb": 0.7130578160285949,
    "average_filtered_value": 7500.750655602975,
    "total_operation_time_mean": 61.87470602989197,
    "loading_time_mean": 4.034867286682129,
    "loading_time_std": 0.0,
    "loading_time_min": 4.034867286682129,
    "loading_time_max": 4.034867286682129,
    "loading_time_runs": [
        4.034867286682129
    ],
    "loading_memory_mean": -3.78125,
    "loading_memory_std": 0.0,
    "loading_memory_min": -3.78125,
    "loading_memory_max": -3.78125,
    "loading_memory_runs": [
        -3.78125
    ],
    "cleaning_time_mean": 0.09799909591674805,
    "cleaning_time_std": 0.0,
    "cleaning_time_min": 0.09799909591674805,
    "cleaning_time_max": 0.09799909591674805,
    "cleaning_time_runs": [
        0.09799909591674805
    ],
    "cleaning_memory_mean": 0.0,
    "cleaning_memory_std": 0.0,
    "cleaning_memory_min": 0.0,
    "cleaning_memory_max": 0.0,
    "cleaning_memory_runs": [
        0.0
    ],
    "aggregation_time_mean": 0.15917611122131348,
    "aggregation_time_std": 0.0,
    "aggregation_time_min": 0.15917611122131348,
    "aggregation_time_max": 0.15917611122131348,
    "aggregation_time_runs": [
        0.15917611122131348
    ],
    "aggregation_memory_mean": 0.0,
    "aggregation_memory_std": 0.0,
    "aggregation_memory_min": 0.0,
    "aggregation_memory_max": 0.0,
    "aggregation_memory_runs": [
        0.0
    ],
    "sorting_time_mean": 0.033005475997924805,
    "sorting_time_std": 0.0,
    "sorting_time_min": 0.033005475997924805,
    "sorting_time_max": 0.033005475997924805,
    "sorting_time_runs": [
        0.033005475997924805
    ],
    "sorting_memory_mean": 0.0,
    "sorting_memory_std": 0.0,
    "sorting_memory_min": 0.0,
    "sorting_memory_max": 0.0,
    "sorting_memory_runs": [
        0.0
    ],
    "filtering_time_mean": 3.1573357582092285,
    "filtering_time_std": 0.0,
    "filtering_time_min": 3.1573357582092285,
    "filtering_time_max": 3.1573357582092285,
    "filtering_time_runs": [
        3.1573357582092285
    ],
    "filtering_memory_mean": 0.0,
    "filtering_memory_std": 0.0,
    "filtering_memory_min": 0.0,
    "filtering_memory_max": 0.0,
    "filtering_memory_runs": [
        0.0
    ],
    "correlation_time_mean": 54.392322301864624,
    "correlation_time_std": 0.0,
    "correlation_time_min": 54.392322301864624,
    "correlation_time_max": 54.392322301864624,
    "correlation_time_runs": [
        54.392322301864624
    ],
    "correlation_memory_mean": -0.0625,
    "correlation_memory_std": 0.0,
    "correlation_memory_min": -0.0625,
    "correlation_memory_max": -0.0625,
    "correlation_memory_runs": [
        -0.0625
    ]
}