{
    "row_count": 1000000,
    "memory_size_gb": 0.142611563205719,
    "average_filtered_value": 7501.080798188406,
    "total_operation_time_mean": 27.889739751815796,
    "loading_time_mean": 4.827050447463989,
    "loading_time_std": 0.0,
    "loading_time_min": 4.827050447463989,
    "loading_time_max": 4.827050447463989,
    "loading_time_runs": [
        4.827050447463989
    ],
    "loading_memory_mean": -0.80078125,
    "loading_memory_std": 0.0,
    "loading_memory_min": -0.80078125,
    "loading_memory_max": -0.80078125,
    "loading_memory_runs": [
        -0.80078125
    ],
    "cleaning_time_mean": 0.0678856372833252,
    "cleaning_time_std": 0.0,
    "cleaning_time_min": 0.0678856372833252,
    "cleaning_time_max": 0.0678856372833252,
    "cleaning_time_runs": [
        0.0678856372833252
    ],
    "cleaning_memory_mean": 0.0,
    "cleaning_memory_std": 0.0,
    "cleaning_memory_min": 0.0,
    "cleaning_memory_max": 0.0,
    "cleaning_memory_runs": [
        0.0
    ],
    "aggregation_time_mean": 0.20495843887329102,
    "aggregation_time_std": 0.0,
    "aggregation_time_min": 0.20495843887329102,
    "aggregation_time_max": 0.20495843887329102,
    "aggregation_time_runs": [
        0.20495843887329102
    ],
    "aggregation_memory_mean": 0.0,
    "aggregation_memory_std": 0.0,
    "aggregation_memory_min": 0.0,
    "aggregation_memory_max": 0.0,
    "aggregation_memory_runs": [
        0.0
    ],
    "sorting_time_mean": 0.03537464141845703,
    "sorting_time_std": 0.0,
    "sorting_time_min": 0.03537464141845703,
    "sorting_time_max": 0.03537464141845703,
    "sorting_time_runs": [
        0.03537464141845703
    ],
    "sorting_memory_mean": 0.0,
    "sorting_memory_std": 0.0,
    "sorting_memory_min": 0.0,
    "sorting_memory_max": 0.0,
    "sorting_memory_runs": [
        0.0
    ],
    "filtering_time_mean": 2.0802226066589355,
    "filtering_time_std": 0.0,
    "filtering_time_min": 2.0802226066589355,
    "filtering_time_max": 2.0802226066589355,
    "filtering_time_runs": [
        2.0802226066589355
    ],
    "filtering_memory_mean": 0.0,
    "filtering_memory_std": 0.0,
    "filtering_memory_min": 0.0,
    "filtering_memory_max": 0.0,
    "filtering_memory_runs": [
        0.0
    ],
    "correlation_time_mean": 20.674247980117798,
    "correlation_time_std": 0.0,
    "correlation_time_min": 20.674247980117798,
    "correlation_time_max": 20.674247980117798,
    "correlation_time_runs": [
        20.674247980117798
    ],
    "correlation_memory_mean": 0.046875,
    "correlation_memory_std": 0.0,
    "correlation_memory_min": 0.046875,
    "correlation_memory_max": 0.046875,
    "correlation_memory_runs": [
        0.046875
    ]
}