{
    "memory_size_gb": 0.059604644775390625,
    "row_count": 1000000,
    "average_filtered_value": 7501.080798188406,
    "total_operation_time_mean": 0.23764634132385254,
    "loading_time_mean": 0.09664320945739746,
    "loading_time_std": 0.0,
    "loading_time_min": 0.09664320945739746,
    "loading_time_max": 0.09664320945739746,
    "loading_time_runs": [
        0.09664320945739746
    ],
    "loading_memory_mean": 76.1484375,
    "loading_memory_std": 0.0,
    "loading_memory_min": 76.1484375,
    "loading_memory_max": 76.1484375,
    "loading_memory_runs": [
        76.1484375
    ],
    "cleaning_time_mean": 0.017751693725585938,
    "cleaning_time_std": 0.0,
    "cleaning_time_min": 0.017751693725585938,
    "cleaning_time_max": 0.017751693725585938,
    "cleaning_time_runs": [
        0.017751693725585938
    ],
    "cleaning_memory_mean": 3.81640625,
    "cleaning_memory_std": 0.0,
    "cleaning_memory_min": 3.81640625,
    "cleaning_memory_max": 3.81640625,
    "cleaning_memory_runs": [
        3.81640625
    ],
    "aggregation_time_mean": 0.03400421142578125,
    "aggregation_time_std": 0.0,
    "aggregation_time_min": 0.03400421142578125,
    "aggregation_time_max": 0.03400421142578125,
    "aggregation_time_runs": [
        0.03400421142578125
    ],
    "aggregation_memory_mean": 137.33984375,
    "aggregation_memory_std": 0.0,
    "aggregation_memory_min": 137.33984375,
    "aggregation_memory_max": 137.33984375,
    "aggregation_memory_runs": [
        137.33984375
    ],
    "sorting_time_mean": 0.04061245918273926,
    "sorting_time_std": 0.0,
    "sorting_time_min": 0.04061245918273926,
    "sorting_time_max": 0.04061245918273926,
    "sorting_time_runs": [
        0.04061245918273926
    ],
    "sorting_memory_mean": 102.2734375,
    "sorting_memory_std": 0.0,
    "sorting_memory_min": 102.2734375,
    "sorting_memory_max": 102.2734375,
    "sorting_memory_runs": [
        102.2734375
    ],
    "filtering_time_mean": 0.009308815002441406,
    "filtering_time_std": 0.0,
    "filtering_time_min": 0.009308815002441406,
    "filtering_time_max": 0.009308815002441406,
    "filtering_time_runs": [
        0.009308815002441406
    ],
    "filtering_memory_mean": 20.07421875,
    "filtering_memory_std": 0.0,
    "filtering_memory_min": 20.07421875,
    "filtering_memory_max": 20.07421875,
    "filtering_memory_runs": [
        20.07421875
    ],
    "correlation_time_mean": 0.03932595252990723,
    "correlation_time_std": 0.0,
    "correlation_time_min": 0.03932595252990723,
    "correlation_time_max": 0.03932595252990723,
    "correlation_time_runs": [
        0.03932595252990723
    ],
    "correlation_memory_mean": 61.5546875,
    "correlation_memory_std": 0.0,
    "correlation_memory_min": 61.5546875,
    "correlation_memory_max": 61.5546875,
    "correlation_memory_runs": [
        61.5546875
    ]
}