{
    "memory_size_gb": 1.3876707553863525,
    "row_count": 10000000,
    "average_filtered_value": 7499.888309149845,
    "total_operation_time_mean": 14.413477659225464,
    "loading_time_mean": 8.730284214019775,
    "loading_time_std": 0.0,
    "loading_time_min": 8.730284214019775,
    "loading_time_max": 8.730284214019775,
    "loading_time_runs": [
        8.730284214019775
    ],
    "loading_memory_mean": 844.4375,
    "loading_memory_std": 0.0,
    "loading_memory_min": 844.4375,
    "loading_memory_max": 844.4375,
    "loading_memory_runs": [
        844.4375
    ],
    "cleaning_time_mean": 0.8996551036834717,
    "cleaning_time_std": 0.0,
    "cleaning_time_min": 0.8996551036834717,
    "cleaning_time_max": 0.8996551036834717,
    "cleaning_time_runs": [
        0.8996551036834717
    ],
    "cleaning_memory_mean": 381.484375,
    "cleaning_memory_std": 0.0,
    "cleaning_memory_min": 381.484375,
    "cleaning_memory_max": 381.484375,
    "cleaning_memory_runs": [
        381.484375
    ],
    "aggregation_time_mean": 1.1992170810699463,
    "aggregation_time_std": 0.0,
    "aggregation_time_min": 1.1992170810699463,
    "aggregation_time_max": 1.1992170810699463,
    "aggregation_time_runs": [
        1.1992170810699463
    ],
    "aggregation_memory_mean": 1.72265625,
    "aggregation_memory_std": 0.0,
    "aggregation_memory_min": 1.72265625,
    "aggregation_memory_max": 1.72265625,
    "aggregation_memory_runs": [
        1.72265625
    ],
    "sorting_time_mean": 2.204336166381836,
    "sorting_time_std": 0.0,
    "sorting_time_min": 2.204336166381836,
    "sorting_time_max": 2.204336166381836,
    "sorting_time_runs": [
        2.204336166381836
    ],
    "sorting_memory_mean": 457.81640625,
    "sorting_memory_std": 0.0,
    "sorting_memory_min": 457.81640625,
    "sorting_memory_max": 457.81640625,
    "sorting_memory_runs": [
        457.81640625
    ],
    "filtering_time_mean": 0.21476459503173828,
    "filtering_time_std": 0.0,
    "filtering_time_min": 0.21476459503173828,
    "filtering_time_max": 0.21476459503173828,
    "filtering_time_runs": [
        0.21476459503173828
    ],
    "filtering_memory_mean": 228.96484375,
    "filtering_memory_std": 0.0,
    "filtering_memory_min": 228.96484375,
    "filtering_memory_max": 228.96484375,
    "filtering_memory_runs": [
        228.96484375
    ],
    "correlation_time_mean": 1.1652204990386963,
    "correlation_time_std": 0.0,
    "correlation_time_min": 1.1652204990386963,
    "correlation_time_max": 1.1652204990386963,
    "correlation_time_runs": [
        1.1652204990386963
    ],
    "correlation_memory_mean": 0.07421875,
    "correlation_memory_std": 0.0,
    "correlation_memory_min": 0.07421875,
    "correlation_memory_max": 0.07421875,
    "correlation_memory_runs": [
        0.07421875
    ]
}