{
    "memory_size_gb": 0.059604644775390625,
    "row_count": 1000000,
    "average_filtered_value": 7501.080798188406,
    "total_operation_time_mean": 0.2288205623626709,
    "loading_time_mean": 0.0952460765838623,
    "loading_time_std": 0.0,
    "loading_time_min": 0.0952460765838623,
    "loading_time_max": 0.0952460765838623,
    "loading_time_runs": [
        0.0952460765838623
    ],
    "loading_memory_mean": 75.88671875,
    "loading_memory_std": 0.0,
    "loading_memory_min": 75.88671875,
    "loading_memory_max": 75.88671875,
    "loading_memory_runs": [
        75.88671875
    ],
    "cleaning_time_mean": 0.01658344268798828,
    "cleaning_time_std": 0.0,
    "cleaning_time_min": 0.01658344268798828,
    "cleaning_time_max": 0.01658344268798828,
    "cleaning_time_runs": [
        0.01658344268798828
    ],
    "cleaning_memory_mean": 3.7265625,
    "cleaning_memory_std": 0.0,
    "cleaning_memory_min": 3.7265625,
    "cleaning_memory_max": 3.7265625,
    "cleaning_memory_runs": [
        3.7265625
    ],
    "aggregation_time_mean": 0.02971649169921875,
    "aggregation_time_std": 0.0,
    "aggregation_time_min": 0.02971649169921875,
    "aggregation_time_max": 0.02971649169921875,
    "aggregation_time_runs": [
        0.02971649169921875
    ],
    "aggregation_memory_mean": 137.3359375,
    "aggregation_memory_std": 0.0,
    "aggregation_memory_min": 137.3359375,
    "aggregation_memory_max": 137.3359375,
    "aggregation_memory_runs": [
        137.3359375
    ],
    "sorting_time_mean": 0.03735470771789551,
    "sorting_time_std": 0.0,
    "sorting_time_min": 0.03735470771789551,
    "sorting_time_max": 0.03735470771789551,
    "sorting_time_runs": [
        0.03735470771789551
    ],
    "sorting_memory_mean": 94.5859375,
    "sorting_memory_std": 0.0,
    "sorting_memory_min": 94.5859375,
    "sorting_memory_max": 94.5859375,
    "sorting_memory_runs": [
        94.5859375
    ],
    "filtering_time_mean": 0.009713411331176758,
    "filtering_time_std": 0.0,
    "filtering_time_min": 0.009713411331176758,
    "filtering_time_max": 0.009713411331176758,
    "filtering_time_runs": [
        0.009713411331176758
    ],
    "filtering_memory_mean": 17.578125,
    "filtering_memory_std": 0.0,
    "filtering_memory_min": 17.578125,
    "filtering_memory_max": 17.578125,
    "filtering_memory_runs": [
        17.578125
    ],
    "correlation_time_mean": 0.0402064323425293,
    "correlation_time_std": 0.0,
    "correlation_time_min": 0.0402064323425293,
    "correlation_time_max": 0.0402064323425293,
    "correlation_time_runs": [
        0.0402064323425293
    ],
    "correlation_memory_mean": 61.578125,
    "correlation_memory_std": 0.0,
    "correlation_memory_min": 61.578125,
    "correlation_memory_max": 61.578125,
    "correlation_memory_runs": [
        61.578125
    ]
}