{
    "memory_size_gb": 1.3876707553863525,
    "row_count": 10000000,
    "average_filtered_value": 7499.888309149845,
    "total_operation_time_mean": 12.223008394241333,
    "loading_time_mean": 6.6258111000061035,
    "loading_time_std": 0.0,
    "loading_time_min": 6.6258111000061035,
    "loading_time_max": 6.6258111000061035,
    "loading_time_runs": [
        6.6258111000061035
    ],
    "loading_memory_mean": 846.03125,
    "loading_memory_std": 0.0,
    "loading_memory_min": 846.03125,
    "loading_memory_max": 846.03125,
    "loading_memory_runs": [
        846.03125
    ],
    "cleaning_time_mean": 0.7437701225280762,
    "cleaning_time_std": 0.0,
    "cleaning_time_min": 0.7437701225280762,
    "cleaning_time_max": 0.7437701225280762,
    "cleaning_time_runs": [
        0.7437701225280762
    ],
    "cleaning_memory_mean": 381.484375,
    "cleaning_memory_std": 0.0,
    "cleaning_memory_min": 381.484375,
    "cleaning_memory_max": 381.484375,
    "cleaning_memory_runs": [
        381.484375
    ],
    "aggregation_time_mean": 1.2821011543273926,
    "aggregation_time_std": 0.0,
    "aggregation_time_min": 1.2821011543273926,
    "aggregation_time_max": 1.2821011543273926,
    "aggregation_time_runs": [
        1.2821011543273926
    ],
    "aggregation_memory_mean": 1.421875,
    "aggregation_memory_std": 0.0,
    "aggregation_memory_min": 1.421875,
    "aggregation_memory_max": 1.421875,
    "aggregation_memory_runs": [
        1.421875
    ],
    "sorting_time_mean": 2.45383620262146,
    "sorting_time_std": 0.0,
    "sorting_time_min": 2.45383620262146,
    "sorting_time_max": 2.45383620262146,
    "sorting_time_runs": [
        2.45383620262146
    ],
    "sorting_memory_mean": 457.81640625,
    "sorting_memory_std": 0.0,
    "sorting_memory_min": 457.81640625,
    "sorting_memory_max": 457.81640625,
    "sorting_memory_runs": [
        457.81640625
    ],
    "filtering_time_mean": 0.1805412769317627,
    "filtering_time_std": 0.0,
    "filtering_time_min": 0.1805412769317627,
    "filtering_time_max": 0.1805412769317627,
    "filtering_time_runs": [
        0.1805412769317627
    ],
    "filtering_memory_mean": 228.96484375,
    "filtering_memory_std": 0.0,
    "filtering_memory_min": 228.96484375,
    "filtering_memory_max": 228.96484375,
    "filtering_memory_runs": [
        228.96484375
    ],
    "correlation_time_mean": 0.9369485378265381,
    "correlation_time_std": 0.0,
    "correlation_time_min": 0.9369485378265381,
    "correlation_time_max": 0.9369485378265381,
    "correlation_time_runs": [
        0.9369485378265381
    ],
    "correlation_memory_mean": 0.07421875,
    "correlation_memory_std": 0.0,
    "correlation_memory_min": 0.07421875,
    "correlation_memory_max": 0.07421875,
    "correlation_memory_runs": [
        0.07421875
    ]
}