{
    "row_count": 1000000,
    "memory_size_gb": 0.047497574239969254,
    "average_filtered_value": 7501.080798188406,
    "total_operation_time_mean": 3.2901952266693115,
    "loading_time_mean": 1.149277687072754,
    "loading_time_std": 0.0,
    "loading_time_min": 1.149277687072754,
    "loading_time_max": 1.149277687072754,
    "loading_time_runs": [
        1.149277687072754
    ],
    "loading_memory_mean": 14.41015625,
    "loading_memory_std": 0.0,
    "loading_memory_min": 14.41015625,
    "loading_memory_max": 14.41015625,
    "loading_memory_runs": [
        14.41015625
    ],
    "cleaning_time_mean": 0.0,
    "cleaning_time_std": 0.0,
    "cleaning_time_min": 0.0,
    "cleaning_time_max": 0.0,
    "cleaning_time_runs": [
        0.0
    ],
    "cleaning_memory_mean": 0.00390625,
    "cleaning_memory_std": 0.0,
    "cleaning_memory_min": 0.00390625,
    "cleaning_memory_max": 0.00390625,
    "cleaning_memory_runs": [
        0.00390625
    ],
    "aggregation_time_mean": 0.00849294662475586,
    "aggregation_time_std": 0.0,
    "aggregation_time_min": 0.00849294662475586,
    "aggregation_time_max": 0.00849294662475586,
    "aggregation_time_runs": [
        0.00849294662475586
    ],
    "aggregation_memory_mean": 0.21875,
    "aggregation_memory_std": 0.0,
    "aggregation_memory_min": 0.21875,
    "aggregation_memory_max": 0.21875,
    "aggregation_memory_runs": [
        0.21875
    ],
    "sorting_time_mean": 0.0,
    "sorting_time_std": 0.0,
    "sorting_time_min": 0.0,
    "sorting_time_max": 0.0,
    "sorting_time_runs": [
        0.0
    ],
    "sorting_memory_mean": 0.0,
    "sorting_memory_std": 0.0,
    "sorting_memory_min": 0.0,
    "sorting_memory_max": 0.0,
    "sorting_memory_runs": [
        0.0
    ],
    "filtering_time_mean": 0.9583444595336914,
    "filtering_time_std": 0.0,
    "filtering_time_min": 0.9583444595336914,
    "filtering_time_max": 0.9583444595336914,
    "filtering_time_runs": [
        0.9583444595336914
    ],
    "filtering_memory_mean": 2.0625,
    "filtering_memory_std": 0.0,
    "filtering_memory_min": 2.0625,
    "filtering_memory_max": 2.0625,
    "filtering_memory_runs": [
        2.0625
    ],
    "correlation_time_mean": 1.1740801334381104,
    "correlation_time_std": 0.0,
    "correlation_time_min": 1.1740801334381104,
    "correlation_time_max": 1.1740801334381104,
    "correlation_time_runs": [
        1.1740801334381104
    ],
    "correlation_memory_mean": 2.6953125,
    "correlation_memory_std": 0.0,
    "correlation_memory_min": 2.6953125,
    "correlation_memory_max": 2.6953125,
    "correlation_memory_runs": [
        2.6953125
    ]
}