{
    "memory_size_gb": 0.13876718282699585,
    "row_count": 1000000,
    "average_filtered_value": 7501.080798188406,
    "total_operation_time_mean": 1.155102014541626,
    "loading_time_mean": 0.702146053314209,
    "loading_time_std": 0.0,
    "loading_time_min": 0.702146053314209,
    "loading_time_max": 0.702146053314209,
    "loading_time_runs": [
        0.702146053314209
    ],
    "loading_memory_mean": 85.3125,
    "loading_memory_std": 0.0,
    "loading_memory_min": 85.3125,
    "loading_memory_max": 85.3125,
    "loading_memory_runs": [
        85.3125
    ],
    "cleaning_time_mean": 0.0781552791595459,
    "cleaning_time_std": 0.0,
    "cleaning_time_min": 0.0781552791595459,
    "cleaning_time_max": 0.0781552791595459,
    "cleaning_time_runs": [
        0.0781552791595459
    ],
    "cleaning_memory_mean": 37.5390625,
    "cleaning_memory_std": 0.0,
    "cleaning_memory_min": 37.5390625,
    "cleaning_memory_max": 37.5390625,
    "cleaning_memory_runs": [
        37.5390625
    ],
    "aggregation_time_mean": 0.11632418632507324,
    "aggregation_time_std": 0.0,
    "aggregation_time_min": 0.11632418632507324,
    "aggregation_time_max": 0.11632418632507324,
    "aggregation_time_runs": [
        0.11632418632507324
    ],
    "aggregation_memory_mean": 2.79296875,
    "aggregation_memory_std": 0.0,
    "aggregation_memory_min": 2.79296875,
    "aggregation_memory_max": 2.79296875,
    "aggregation_memory_runs": [
        2.79296875
    ],
    "sorting_time_mean": 0.1404883861541748,
    "sorting_time_std": 0.0,
    "sorting_time_min": 0.1404883861541748,
    "sorting_time_max": 0.1404883861541748,
    "sorting_time_runs": [
        0.1404883861541748
    ],
    "sorting_memory_mean": 46.80078125,
    "sorting_memory_std": 0.0,
    "sorting_memory_min": 46.80078125,
    "sorting_memory_max": 46.80078125,
    "sorting_memory_runs": [
        46.80078125
    ],
    "filtering_time_mean": 0.02314591407775879,
    "filtering_time_std": 0.0,
    "filtering_time_min": 0.02314591407775879,
    "filtering_time_max": 0.02314591407775879,
    "filtering_time_runs": [
        0.02314591407775879
    ],
    "filtering_memory_mean": 20.625,
    "filtering_memory_std": 0.0,
    "filtering_memory_min": 20.625,
    "filtering_memory_max": 20.625,
    "filtering_memory_runs": [
        20.625
    ],
    "correlation_time_mean": 0.09484219551086426,
    "correlation_time_std": 0.0,
    "correlation_time_min": 0.09484219551086426,
    "correlation_time_max": 0.09484219551086426,
    "correlation_time_runs": [
        0.09484219551086426
    ],
    "correlation_memory_mean": 0.09375,
    "correlation_memory_std": 0.0,
    "correlation_memory_min": 0.09375,
    "correlation_memory_max": 0.09375,
    "correlation_memory_runs": [
        0.09375
    ]
}