{
    "row_count": 5000000,
    "memory_size_gb": 0.23748737573623657,
    "average_filtered_value": 7500.750655602975,
    "total_operation_time_mean": 15.565802335739136,
    "loading_time_mean": 5.243299245834351,
    "loading_time_std": 0.0,
    "loading_time_min": 5.243299245834351,
    "loading_time_max": 5.243299245834351,
    "loading_time_runs": [
        5.243299245834351
    ],
    "loading_memory_mean": 69.92578125,
    "loading_memory_std": 0.0,
    "loading_memory_min": 69.92578125,
    "loading_memory_max": 69.92578125,
    "loading_memory_runs": [
        69.92578125
    ],
    "cleaning_time_mean": 0.0010063648223876953,
    "cleaning_time_std": 0.0,
    "cleaning_time_min": 0.0010063648223876953,
    "cleaning_time_max": 0.0010063648223876953,
    "cleaning_time_runs": [
        0.0010063648223876953
    ],
    "cleaning_memory_mean": 0.00390625,
    "cleaning_memory_std": 0.0,
    "cleaning_memory_min": 0.00390625,
    "cleaning_memory_max": 0.00390625,
    "cleaning_memory_runs": [
        0.00390625
    ],
    "aggregation_time_mean": 0.006999969482421875,
    "aggregation_time_std": 0.0,
    "aggregation_time_min": 0.006999969482421875,
    "aggregation_time_max": 0.006999969482421875,
    "aggregation_time_runs": [
        0.006999969482421875
    ],
    "aggregation_memory_mean": -7.73828125,
    "aggregation_memory_std": 0.0,
    "aggregation_memory_min": -7.73828125,
    "aggregation_memory_max": -7.73828125,
    "aggregation_memory_runs": [
        -7.73828125
    ],
    "sorting_time_mean": 0.0,
    "sorting_time_std": 0.0,
    "sorting_time_min": 0.0,
    "sorting_time_max": 0.0,
    "sorting_time_runs": [
        0.0
    ],
    "sorting_memory_mean": 0.0,
    "sorting_memory_std": 0.0,
    "sorting_memory_min": 0.0,
    "sorting_memory_max": 0.0,
    "sorting_memory_runs": [
        0.0
    ],
    "filtering_time_mean": 4.6290693283081055,
    "filtering_time_std": 0.0,
    "filtering_time_min": 4.6290693283081055,
    "filtering_time_max": 4.6290693283081055,
    "filtering_time_runs": [
        4.6290693283081055
    ],
    "filtering_memory_mean": 45.45703125,
    "filtering_memory_std": 0.0,
    "filtering_memory_min": 45.45703125,
    "filtering_memory_max": 45.45703125,
    "filtering_memory_runs": [
        45.45703125
    ],
    "correlation_time_mean": 5.68542742729187,
    "correlation_time_std": 0.0,
    "correlation_time_min": 5.68542742729187,
    "correlation_time_max": 5.68542742729187,
    "correlation_time_runs": [
        5.68542742729187
    ],
    "correlation_memory_mean": 7.55859375,
    "correlation_memory_std": 0.0,
    "correlation_memory_min": 7.55859375,
    "correlation_memory_max": 7.55859375,
    "correlation_memory_runs": [
        7.55859375
    ]
}