{
    "memory_size_gb": 0.04377216100692749,
    "row_count": 1000000,
    "average_filtered_value": 7501.080798188406,
    "total_operation_time_mean": 0.5173659324645996,
    "loading_time_mean": 0.041190147399902344,
    "loading_time_std": 0.0,
    "loading_time_min": 0.041190147399902344,
    "loading_time_max": 0.041190147399902344,
    "loading_time_runs": [
        0.041190147399902344
    ],
    "loading_memory_mean": 165.3203125,
    "loading_memory_std": 0.0,
    "loading_memory_min": 165.3203125,
    "loading_memory_max": 165.3203125,
    "loading_memory_runs": [
        165.3203125
    ],
    "cleaning_time_mean": 0.011264324188232422,
    "cleaning_time_std": 0.0,
    "cleaning_time_min": 0.011264324188232422,
    "cleaning_time_max": 0.011264324188232422,
    "cleaning_time_runs": [
        0.011264324188232422
    ],
    "cleaning_memory_mean": 28.33984375,
    "cleaning_memory_std": 0.0,
    "cleaning_memory_min": 28.33984375,
    "cleaning_memory_max": 28.33984375,
    "cleaning_memory_runs": [
        28.33984375
    ],
    "aggregation_time_mean": 0.24086785316467285,
    "aggregation_time_std": 0.0,
    "aggregation_time_min": 0.24086785316467285,
    "aggregation_time_max": 0.24086785316467285,
    "aggregation_time_runs": [
        0.24086785316467285
    ],
    "aggregation_memory_mean": 14.6875,
    "aggregation_memory_std": 0.0,
    "aggregation_memory_min": 14.6875,
    "aggregation_memory_max": 14.6875,
    "aggregation_memory_runs": [
        14.6875
    ],
    "sorting_time_mean": 0.1593914031982422,
    "sorting_time_std": 0.0,
    "sorting_time_min": 0.1593914031982422,
    "sorting_time_max": 0.1593914031982422,
    "sorting_time_runs": [
        0.1593914031982422
    ],
    "sorting_memory_mean": 46.82421875,
    "sorting_memory_std": 0.0,
    "sorting_memory_min": 46.82421875,
    "sorting_memory_max": 46.82421875,
    "sorting_memory_runs": [
        46.82421875
    ],
    "filtering_time_mean": 0.020658254623413086,
    "filtering_time_std": 0.0,
    "filtering_time_min": 0.020658254623413086,
    "filtering_time_max": 0.020658254623413086,
    "filtering_time_runs": [
        0.020658254623413086
    ],
    "filtering_memory_mean": 28.20703125,
    "filtering_memory_std": 0.0,
    "filtering_memory_min": 28.20703125,
    "filtering_memory_max": 28.20703125,
    "filtering_memory_runs": [
        28.20703125
    ],
    "correlation_time_mean": 0.04399394989013672,
    "correlation_time_std": 0.0,
    "correlation_time_min": 0.04399394989013672,
    "correlation_time_max": 0.04399394989013672,
    "correlation_time_runs": [
        0.04399394989013672
    ],
    "correlation_memory_mean": 0.01953125,
    "correlation_memory_std": 0.0,
    "correlation_memory_min": 0.01953125,
    "correlation_memory_max": 0.01953125,
    "correlation_memory_runs": [
        0.01953125
    ]
}