{
    "memory_size_gb": 0.4377216100692749,
    "row_count": 10000000,
    "average_filtered_value": 7499.888309149845,
    "total_operation_time_mean": 8.141358375549316,
    "loading_time_mean": 0.5483925342559814,
    "loading_time_std": 0.0,
    "loading_time_min": 0.5483925342559814,
    "loading_time_max": 0.5483925342559814,
    "loading_time_runs": [
        0.5483925342559814
    ],
    "loading_memory_mean": 802.578125,
    "loading_memory_std": 0.0,
    "loading_memory_min": 802.578125,
    "loading_memory_max": 802.578125,
    "loading_memory_runs": [
        802.578125
    ],
    "cleaning_time_mean": 0.14885854721069336,
    "cleaning_time_std": 0.0,
    "cleaning_time_min": 0.14885854721069336,
    "cleaning_time_max": 0.14885854721069336,
    "cleaning_time_runs": [
        0.14885854721069336
    ],
    "cleaning_memory_mean": 272.23828125,
    "cleaning_memory_std": 0.0,
    "cleaning_memory_min": 272.23828125,
    "cleaning_memory_max": 272.23828125,
    "cleaning_memory_runs": [
        272.23828125
    ],
    "aggregation_time_mean": 3.0839028358459473,
    "aggregation_time_std": 0.0,
    "aggregation_time_min": 3.0839028358459473,
    "aggregation_time_max": 3.0839028358459473,
    "aggregation_time_runs": [
        3.0839028358459473
    ],
    "aggregation_memory_mean": 261.09765625,
    "aggregation_memory_std": 0.0,
    "aggregation_memory_min": 261.09765625,
    "aggregation_memory_max": 261.09765625,
    "aggregation_memory_runs": [
        261.09765625
    ],
    "sorting_time_mean": 3.5437610149383545,
    "sorting_time_std": 0.0,
    "sorting_time_min": 3.5437610149383545,
    "sorting_time_max": 3.5437610149383545,
    "sorting_time_runs": [
        3.5437610149383545
    ],
    "sorting_memory_mean": 480.125,
    "sorting_memory_std": 0.0,
    "sorting_memory_min": 480.125,
    "sorting_memory_max": 480.125,
    "sorting_memory_runs": [
        480.125
    ],
    "filtering_time_mean": 0.25565481185913086,
    "filtering_time_std": 0.0,
    "filtering_time_min": 0.25565481185913086,
    "filtering_time_max": 0.25565481185913086,
    "filtering_time_runs": [
        0.25565481185913086
    ],
    "filtering_memory_mean": 234.3203125,
    "filtering_memory_std": 0.0,
    "filtering_memory_min": 234.3203125,
    "filtering_memory_max": 234.3203125,
    "filtering_memory_runs": [
        234.3203125
    ],
    "correlation_time_mean": 0.560788631439209,
    "correlation_time_std": 0.0,
    "correlation_time_min": 0.560788631439209,
    "correlation_time_max": 0.560788631439209,
    "correlation_time_runs": [
        0.560788631439209
    ],
    "correlation_memory_mean": 0.0078125,
    "correlation_memory_std": 0.0,
    "correlation_memory_min": 0.0078125,
    "correlation_memory_max": 0.0078125,
    "correlation_memory_runs": [
        0.0078125
    ]
}