{
    "row_count": 1000000,
    "memory_size_gb": 0.047497570514678955,
    "average_filtered_value": 7501.080798188406,
    "total_operation_time_mean": 5.793672561645508,
    "loading_time_mean": 2.2413296699523926,
    "loading_time_std": 0.0,
    "loading_time_min": 2.2413296699523926,
    "loading_time_max": 2.2413296699523926,
    "loading_time_runs": [
        2.2413296699523926
    ],
    "loading_memory_mean": 29.12109375,
    "loading_memory_std": 0.0,
    "loading_memory_min": 29.12109375,
    "loading_memory_max": 29.12109375,
    "loading_memory_runs": [
        29.12109375
    ],
    "cleaning_time_mean": 0.0,
    "cleaning_time_std": 0.0,
    "cleaning_time_min": 0.0,
    "cleaning_time_max": 0.0,
    "cleaning_time_runs": [
        0.0
    ],
    "cleaning_memory_mean": 0.00390625,
    "cleaning_memory_std": 0.0,
    "cleaning_memory_min": 0.00390625,
    "cleaning_memory_max": 0.00390625,
    "cleaning_memory_runs": [
        0.00390625
    ],
    "aggregation_time_mean": 0.02101302146911621,
    "aggregation_time_std": 0.0,
    "aggregation_time_min": 0.02101302146911621,
    "aggregation_time_max": 0.02101302146911621,
    "aggregation_time_runs": [
        0.02101302146911621
    ],
    "aggregation_memory_mean": 0.25,
    "aggregation_memory_std": 0.0,
    "aggregation_memory_min": 0.25,
    "aggregation_memory_max": 0.25,
    "aggregation_memory_runs": [
        0.25
    ],
    "sorting_time_mean": 0.0,
    "sorting_time_std": 0.0,
    "sorting_time_min": 0.0,
    "sorting_time_max": 0.0,
    "sorting_time_runs": [
        0.0
    ],
    "sorting_memory_mean": 0.0,
    "sorting_memory_std": 0.0,
    "sorting_memory_min": 0.0,
    "sorting_memory_max": 0.0,
    "sorting_memory_runs": [
        0.0
    ],
    "filtering_time_mean": 1.6297547817230225,
    "filtering_time_std": 0.0,
    "filtering_time_min": 1.6297547817230225,
    "filtering_time_max": 1.6297547817230225,
    "filtering_time_runs": [
        1.6297547817230225
    ],
    "filtering_memory_mean": 10.4453125,
    "filtering_memory_std": 0.0,
    "filtering_memory_min": 10.4453125,
    "filtering_memory_max": 10.4453125,
    "filtering_memory_runs": [
        10.4453125
    ],
    "correlation_time_mean": 1.9015750885009766,
    "correlation_time_std": 0.0,
    "correlation_time_min": 1.9015750885009766,
    "correlation_time_max": 1.9015750885009766,
    "correlation_time_runs": [
        1.9015750885009766
    ],
    "correlation_memory_mean": 2.8671875,
    "correlation_memory_std": 0.0,
    "correlation_memory_min": 2.8671875,
    "correlation_memory_max": 2.8671875,
    "correlation_memory_runs": [
        2.8671875
    ]
}