{
    "row_count": 1000000,
    "memory_size_gb": 0.1277141273021698,
    "average_filtered_value": 7501.080798188406,
    "total_operation_time_mean": 28.427147388458252,
    "loading_time_mean": 5.498682975769043,
    "loading_time_std": 0.0,
    "loading_time_min": 5.498682975769043,
    "loading_time_max": 5.498682975769043,
    "loading_time_runs": [
        5.498682975769043
    ],
    "loading_memory_mean": 0.20703125,
    "loading_memory_std": 0.0,
    "loading_memory_min": 0.20703125,
    "loading_memory_max": 0.20703125,
    "loading_memory_runs": [
        0.20703125
    ],
    "cleaning_time_mean": 0.09373140335083008,
    "cleaning_time_std": 0.0,
    "cleaning_time_min": 0.09373140335083008,
    "cleaning_time_max": 0.09373140335083008,
    "cleaning_time_runs": [
        0.09373140335083008
    ],
    "cleaning_memory_mean": 0.0,
    "cleaning_memory_std": 0.0,
    "cleaning_memory_min": 0.0,
    "cleaning_memory_max": 0.0,
    "cleaning_memory_runs": [
        0.0
    ],
    "aggregation_time_mean": 0.2229156494140625,
    "aggregation_time_std": 0.0,
    "aggregation_time_min": 0.2229156494140625,
    "aggregation_time_max": 0.2229156494140625,
    "aggregation_time_runs": [
        0.2229156494140625
    ],
    "aggregation_memory_mean": 0.0,
    "aggregation_memory_std": 0.0,
    "aggregation_memory_min": 0.0,
    "aggregation_memory_max": 0.0,
    "aggregation_memory_runs": [
        0.0
    ],
    "sorting_time_mean": 0.03840756416320801,
    "sorting_time_std": 0.0,
    "sorting_time_min": 0.03840756416320801,
    "sorting_time_max": 0.03840756416320801,
    "sorting_time_runs": [
        0.03840756416320801
    ],
    "sorting_memory_mean": 0.0,
    "sorting_memory_std": 0.0,
    "sorting_memory_min": 0.0,
    "sorting_memory_max": 0.0,
    "sorting_memory_runs": [
        0.0
    ],
    "filtering_time_mean": 1.9606077671051025,
    "filtering_time_std": 0.0,
    "filtering_time_min": 1.9606077671051025,
    "filtering_time_max": 1.9606077671051025,
    "filtering_time_runs": [
        1.9606077671051025
    ],
    "filtering_memory_mean": 0.0,
    "filtering_memory_std": 0.0,
    "filtering_memory_min": 0.0,
    "filtering_memory_max": 0.0,
    "filtering_memory_runs": [
        0.0
    ],
    "correlation_time_mean": 20.612802028656006,
    "correlation_time_std": 0.0,
    "correlation_time_min": 20.612802028656006,
    "correlation_time_max": 20.612802028656006,
    "correlation_time_runs": [
        20.612802028656006
    ],
    "correlation_memory_mean": 0.00390625,
    "correlation_memory_std": 0.0,
    "correlation_memory_min": 0.00390625,
    "correlation_memory_max": 0.00390625,
    "correlation_memory_runs": [
        0.00390625
    ]
}