{
    "memory_size_gb": 0.04377216100692749,
    "row_count": 1000000,
    "average_filtered_value": 7501.080798188406,
    "total_operation_time_mean": 0.49024391174316406,
    "loading_time_mean": 0.03401541709899902,
    "loading_time_std": 0.0,
    "loading_time_min": 0.03401541709899902,
    "loading_time_max": 0.03401541709899902,
    "loading_time_runs": [
        0.03401541709899902
    ],
    "loading_memory_mean": 168.1328125,
    "loading_memory_std": 0.0,
    "loading_memory_min": 168.1328125,
    "loading_memory_max": 168.1328125,
    "loading_memory_runs": [
        168.1328125
    ],
    "cleaning_time_mean": 0.010451555252075195,
    "cleaning_time_std": 0.0,
    "cleaning_time_min": 0.010451555252075195,
    "cleaning_time_max": 0.010451555252075195,
    "cleaning_time_runs": [
        0.010451555252075195
    ],
    "cleaning_memory_mean": 28.34375,
    "cleaning_memory_std": 0.0,
    "cleaning_memory_min": 28.34375,
    "cleaning_memory_max": 28.34375,
    "cleaning_memory_runs": [
        28.34375
    ],
    "aggregation_time_mean": 0.22843170166015625,
    "aggregation_time_std": 0.0,
    "aggregation_time_min": 0.22843170166015625,
    "aggregation_time_max": 0.22843170166015625,
    "aggregation_time_runs": [
        0.22843170166015625
    ],
    "aggregation_memory_mean": 44.1328125,
    "aggregation_memory_std": 0.0,
    "aggregation_memory_min": 44.1328125,
    "aggregation_memory_max": 44.1328125,
    "aggregation_memory_runs": [
        44.1328125
    ],
    "sorting_time_mean": 0.15255403518676758,
    "sorting_time_std": 0.0,
    "sorting_time_min": 0.15255403518676758,
    "sorting_time_max": 0.15255403518676758,
    "sorting_time_runs": [
        0.15255403518676758
    ],
    "sorting_memory_mean": 31.75,
    "sorting_memory_std": 0.0,
    "sorting_memory_min": 31.75,
    "sorting_memory_max": 31.75,
    "sorting_memory_runs": [
        31.75
    ],
    "filtering_time_mean": 0.02256035804748535,
    "filtering_time_std": 0.0,
    "filtering_time_min": 0.02256035804748535,
    "filtering_time_max": 0.02256035804748535,
    "filtering_time_runs": [
        0.02256035804748535
    ],
    "filtering_memory_mean": 28.2109375,
    "filtering_memory_std": 0.0,
    "filtering_memory_min": 28.2109375,
    "filtering_memory_max": 28.2109375,
    "filtering_memory_runs": [
        28.2109375
    ],
    "correlation_time_mean": 0.042230844497680664,
    "correlation_time_std": 0.0,
    "correlation_time_min": 0.042230844497680664,
    "correlation_time_max": 0.042230844497680664,
    "correlation_time_runs": [
        0.042230844497680664
    ],
    "correlation_memory_mean": 0.01953125,
    "correlation_memory_std": 0.0,
    "correlation_memory_min": 0.01953125,
    "correlation_memory_max": 0.01953125,
    "correlation_memory_runs": [
        0.01953125
    ]
}