{
    "row_count": 1000000,
    "memory_size_gb": 0.1277141273021698,
    "average_filtered_value": 7501.080798188406,
    "total_operation_time_mean": 25.39079236984253,
    "loading_time_mean": 4.635073900222778,
    "loading_time_std": 0.0,
    "loading_time_min": 4.635073900222778,
    "loading_time_max": 4.635073900222778,
    "loading_time_runs": [
        4.635073900222778
    ],
    "loading_memory_mean": 0.2890625,
    "loading_memory_std": 0.0,
    "loading_memory_min": 0.2890625,
    "loading_memory_max": 0.2890625,
    "loading_memory_runs": [
        0.2890625
    ],
    "cleaning_time_mean": 0.08321595191955566,
    "cleaning_time_std": 0.0,
    "cleaning_time_min": 0.08321595191955566,
    "cleaning_time_max": 0.08321595191955566,
    "cleaning_time_runs": [
        0.08321595191955566
    ],
    "cleaning_memory_mean": 0.0,
    "cleaning_memory_std": 0.0,
    "cleaning_memory_min": 0.0,
    "cleaning_memory_max": 0.0,
    "cleaning_memory_runs": [
        0.0
    ],
    "aggregation_time_mean": 0.17600369453430176,
    "aggregation_time_std": 0.0,
    "aggregation_time_min": 0.17600369453430176,
    "aggregation_time_max": 0.17600369453430176,
    "aggregation_time_runs": [
        0.17600369453430176
    ],
    "aggregation_memory_mean": 0.0,
    "aggregation_memory_std": 0.0,
    "aggregation_memory_min": 0.0,
    "aggregation_memory_max": 0.0,
    "aggregation_memory_runs": [
        0.0
    ],
    "sorting_time_mean": 0.042026519775390625,
    "sorting_time_std": 0.0,
    "sorting_time_min": 0.042026519775390625,
    "sorting_time_max": 0.042026519775390625,
    "sorting_time_runs": [
        0.042026519775390625
    ],
    "sorting_memory_mean": 0.0,
    "sorting_memory_std": 0.0,
    "sorting_memory_min": 0.0,
    "sorting_memory_max": 0.0,
    "sorting_memory_runs": [
        0.0
    ],
    "filtering_time_mean": 1.7948505878448486,
    "filtering_time_std": 0.0,
    "filtering_time_min": 1.7948505878448486,
    "filtering_time_max": 1.7948505878448486,
    "filtering_time_runs": [
        1.7948505878448486
    ],
    "filtering_memory_mean": 0.0,
    "filtering_memory_std": 0.0,
    "filtering_memory_min": 0.0,
    "filtering_memory_max": 0.0,
    "filtering_memory_runs": [
        0.0
    ],
    "correlation_time_mean": 18.659621715545654,
    "correlation_time_std": 0.0,
    "correlation_time_min": 18.659621715545654,
    "correlation_time_max": 18.659621715545654,
    "correlation_time_runs": [
        18.659621715545654
    ],
    "correlation_memory_mean": 0.00390625,
    "correlation_memory_std": 0.0,
    "correlation_memory_min": 0.00390625,
    "correlation_memory_max": 0.00390625,
    "correlation_memory_runs": [
        0.00390625
    ]
}