{
    "memory_size_gb": 0.4377216100692749,
    "row_count": 10000000,
    "average_filtered_value": 7499.888309149845,
    "total_operation_time_mean": 8.858637809753418,
    "loading_time_mean": 0.3865833282470703,
    "loading_time_std": 0.0,
    "loading_time_min": 0.3865833282470703,
    "loading_time_max": 0.3865833282470703,
    "loading_time_runs": [
        0.3865833282470703
    ],
    "loading_memory_mean": 808.9609375,
    "loading_memory_std": 0.0,
    "loading_memory_min": 808.9609375,
    "loading_memory_max": 808.9609375,
    "loading_memory_runs": [
        808.9609375
    ],
    "cleaning_time_mean": 0.10726642608642578,
    "cleaning_time_std": 0.0,
    "cleaning_time_min": 0.10726642608642578,
    "cleaning_time_max": 0.10726642608642578,
    "cleaning_time_runs": [
        0.10726642608642578
    ],
    "cleaning_memory_mean": 275.1484375,
    "cleaning_memory_std": 0.0,
    "cleaning_memory_min": 275.1484375,
    "cleaning_memory_max": 275.1484375,
    "cleaning_memory_runs": [
        275.1484375
    ],
    "aggregation_time_mean": 3.6909430027008057,
    "aggregation_time_std": 0.0,
    "aggregation_time_min": 3.6909430027008057,
    "aggregation_time_max": 3.6909430027008057,
    "aggregation_time_runs": [
        3.6909430027008057
    ],
    "aggregation_memory_mean": 272.6171875,
    "aggregation_memory_std": 0.0,
    "aggregation_memory_min": 272.6171875,
    "aggregation_memory_max": 272.6171875,
    "aggregation_memory_runs": [
        272.6171875
    ],
    "sorting_time_mean": 3.464606285095215,
    "sorting_time_std": 0.0,
    "sorting_time_min": 3.464606285095215,
    "sorting_time_max": 3.464606285095215,
    "sorting_time_runs": [
        3.464606285095215
    ],
    "sorting_memory_mean": 479.0703125,
    "sorting_memory_std": 0.0,
    "sorting_memory_min": 479.0703125,
    "sorting_memory_max": 479.0703125,
    "sorting_memory_runs": [
        479.0703125
    ],
    "filtering_time_mean": 0.32671165466308594,
    "filtering_time_std": 0.0,
    "filtering_time_min": 0.32671165466308594,
    "filtering_time_max": 0.32671165466308594,
    "filtering_time_runs": [
        0.32671165466308594
    ],
    "filtering_memory_mean": 234.57421875,
    "filtering_memory_std": 0.0,
    "filtering_memory_min": 234.57421875,
    "filtering_memory_max": 234.57421875,
    "filtering_memory_runs": [
        234.57421875
    ],
    "correlation_time_mean": 0.8825271129608154,
    "correlation_time_std": 0.0,
    "correlation_time_min": 0.8825271129608154,
    "correlation_time_max": 0.8825271129608154,
    "correlation_time_runs": [
        0.8825271129608154
    ],
    "correlation_memory_mean": 0.01171875,
    "correlation_memory_std": 0.0,
    "correlation_memory_min": 0.01171875,
    "correlation_memory_max": 0.01171875,
    "correlation_memory_runs": [
        0.01171875
    ]
}