{
    "loading_time_seconds": 0.009791135787963867,
    "memory_size_gb": 9.839870916679502,
    "row_count": 113607322,
    "cleaning_time_seconds": 0.0007958412170410156,
    "aggregation_time_seconds": 0.019936084747314453,
    "total_processing_time": 0.030523061752319336
}