{
    "memory_size_gb": 5.396058244630694,
    "row_count": 113607322,
    "loading_time_seconds": 3.207277774810791,
    "cleaning_time_seconds": 0.9542078971862793,
    "aggregation_time_seconds": 15.052866697311401,
    "sorting_time_seconds": 26.929821968078613,
    "filtering_time_seconds": 1.8843297958374023,
    "correlation_time_seconds": 12.704905271530151,
    "average_filtered_value": 245023.81619586213,
    "total_operation_time_seconds": 60.73340940475464
}