{
    "memory_size_gb": 0.6193296350538731,
    "row_count": 5000000,
    "average_filtered_value": 7498.603640230923,
    "total_operation_time_mean": 8.938113164901733,
    "loading_time_mean": 5.809355592727661,
    "loading_time_std": 1.2729285990757044,
    "loading_time_min": 4.324600458145142,
    "loading_time_max": 7.049798250198364,
    "loading_time_runs": [
        6.004302501678467,
        7.049798250198364,
        4.324600458145142,
        6.995711803436279,
        4.672364950180054
    ],
    "loading_memory_mean": 273.1203125,
    "loading_memory_std": 22.260214083482676,
    "loading_memory_min": 253.16015625,
    "loading_memory_max": 305.015625,
    "loading_memory_runs": [
        305.015625,
        286.2421875,
        266.92578125,
        254.2578125,
        253.16015625
    ],
    "cleaning_time_mean": 0.4354661464691162,
    "cleaning_time_std": 0.0706894730432979,
    "cleaning_time_min": 0.38341212272644043,
    "cleaning_time_max": 0.5507574081420898,
    "cleaning_time_runs": [
        0.5507574081420898,
        0.38341212272644043,
        0.3860776424407959,
        0.4554786682128906,
        0.40160489082336426
    ],
    "cleaning_memory_mean": 190.7421875,
    "cleaning_memory_std": 0.0,
    "cleaning_memory_min": 190.7421875,
    "cleaning_memory_max": 190.7421875,
    "cleaning_memory_runs": [
        190.7421875,
        190.7421875,
        190.7421875,
        190.7421875,
        190.7421875
    ],
    "aggregation_time_mean": 0.6647392749786377,
    "aggregation_time_std": 0.13305048575043055,
    "aggregation_time_min": 0.5489048957824707,
    "aggregation_time_max": 0.8289413452148438,
    "aggregation_time_runs": [
        0.8289413452148438,
        0.5489048957824707,
        0.7868990898132324,
        0.601463794708252,
        0.5574872493743896
    ],
    "aggregation_memory_mean": 0.58671875,
    "aggregation_memory_std": 0.07930745772979046,
    "aggregation_memory_min": 0.5,
    "aggregation_memory_max": 0.6484375,
    "aggregation_memory_runs": [
        0.5,
        0.5,
        0.63671875,
        0.6484375,
        0.6484375
    ],
    "sorting_time_mean": 1.1835634231567382,
    "sorting_time_std": 0.31271917657193293,
    "sorting_time_min": 0.9485957622528076,
    "sorting_time_max": 1.641791582107544,
    "sorting_time_runs": [
        1.641791582107544,
        0.9632391929626465,
        1.378873348236084,
        0.9853172302246094,
        0.9485957622528076
    ],
    "sorting_memory_mean": 228.890625,
    "sorting_memory_std": 0.0,
    "sorting_memory_min": 228.890625,
    "sorting_memory_max": 228.890625,
    "sorting_memory_runs": [
        228.890625,
        228.890625,
        228.890625,
        228.890625,
        228.890625
    ],
    "filtering_time_mean": 0.12423295974731445,
    "filtering_time_std": 0.037755039845885414,
    "filtering_time_min": 0.08990859985351562,
    "filtering_time_max": 0.18660569190979004,
    "filtering_time_runs": [
        0.18660569190979004,
        0.08990859985351562,
        0.13060641288757324,
        0.1067051887512207,
        0.10733890533447266
    ],
    "filtering_memory_mean": 114.46328125,
    "filtering_memory_std": 0.002139541240254555,
    "filtering_memory_min": 114.4609375,
    "filtering_memory_max": 114.46484375,
    "filtering_memory_runs": [
        114.4609375,
        114.4609375,
        114.46484375,
        114.46484375,
        114.46484375
    ],
    "correlation_time_mean": 0.7207557678222656,
    "correlation_time_std": 0.10716852375577153,
    "correlation_time_min": 0.5388250350952148,
    "correlation_time_max": 0.8099982738494873,
    "correlation_time_runs": [
        0.7854294776916504,
        0.5388250350952148,
        0.8099982738494873,
        0.7470564842224121,
        0.7224695682525635
    ],
    "correlation_memory_mean": 0.0,
    "correlation_memory_std": 0.0,
    "correlation_memory_min": 0.0,
    "correlation_memory_max": 0.0,
    "correlation_memory_runs": [
        0.0,
        0.0,
        0.0,
        0.0,
        0.0
    ]
}