{
    "row_count": 113607322,
    "memory_size_gb": 16.62536125677079,
    "loading_time_seconds": 14.871405124664307,
    "cleaning_time_seconds": 0.07547330856323242,
    "aggregation_time_seconds": 0.16693711280822754,
    "sorting_time_seconds": 0.016145944595336914,
    "filtering_time_seconds": 42.45814609527588,
    "correlation_time_seconds": 779.0938041210175,
    "average_filtered_value": 245023.81619586213,
    "total_operation_time_seconds": 836.6819117069244
}