{
    "memory_size_gb": 0.0059604644775390625,
    "row_count": 100000,
    "average_filtered_value": 74898.06119020957,
    "total_operation_time_mean": 0.10042862892150878,
    "loading_time_mean": 0.019527435302734375,
    "loading_time_std": 0.010895366391379313,
    "loading_time_min": 0.013998270034790039,
    "loading_time_max": 0.039003849029541016,
    "loading_time_runs": [
        0.014631032943725586,
        0.014999628067016602,
        0.013998270034790039,
        0.015004396438598633,
        0.039003849029541016
    ],
    "loading_memory_mean": 2.52578125,
    "loading_memory_std": 2.0117236802124054,
    "loading_memory_min": 0.42578125,
    "loading_memory_max": 4.828125,
    "loading_memory_runs": [
        4.828125,
        3.83984375,
        0.42578125,
        3.109375,
        0.42578125
    ],
    "cleaning_time_mean": 0.00712733268737793,
    "cleaning_time_std": 0.004751120760599233,
    "cleaning_time_min": 0.004000425338745117,
    "cleaning_time_max": 0.015363454818725586,
    "cleaning_time_runs": [
        0.004000425338745117,
        0.004994869232177734,
        0.0069997310638427734,
        0.0042781829833984375,
        0.015363454818725586
    ],
    "cleaning_memory_mean": -21.1140625,
    "cleaning_memory_std": 6.987676071651019,
    "cleaning_memory_min": -28.42578125,
    "cleaning_memory_max": -12.703125,
    "cleaning_memory_runs": [
        -16.71875,
        -19.578125,
        -28.14453125,
        -12.703125,
        -28.42578125
    ],
    "aggregation_time_mean": 0.033744430541992186,
    "aggregation_time_std": 0.023980984926462355,
    "aggregation_time_min": 0.018000364303588867,
    "aggregation_time_max": 0.07539725303649902,
    "aggregation_time_runs": [
        0.021582603454589844,
        0.018000364303588867,
        0.032999515533447266,
        0.020742416381835938,
        0.07539725303649902
    ],
    "aggregation_memory_mean": 16.04609375,
    "aggregation_memory_std": 4.491642629999074,
    "aggregation_memory_min": 11.234375,
    "aggregation_memory_max": 20.92578125,
    "aggregation_memory_runs": [
        20.92578125,
        15.1171875,
        20.5078125,
        12.4453125,
        11.234375
    ],
    "sorting_time_mean": 0.015330219268798828,
    "sorting_time_std": 0.00749338480906137,
    "sorting_time_min": 0.007001399993896484,
    "sorting_time_max": 0.023010969161987305,
    "sorting_time_runs": [
        0.007001399993896484,
        0.008002042770385742,
        0.023010969161987305,
        0.017002344131469727,
        0.021634340286254883
    ],
    "sorting_memory_mean": 7.4,
    "sorting_memory_std": 2.328823891008513,
    "sorting_memory_min": 4.49609375,
    "sorting_memory_max": 10.234375,
    "sorting_memory_runs": [
        8.8984375,
        7.67578125,
        4.49609375,
        5.6953125,
        10.234375
    ],
    "filtering_time_mean": 0.00678095817565918,
    "filtering_time_std": 0.0038683682839001916,
    "filtering_time_min": 0.00299835205078125,
    "filtering_time_max": 0.011912822723388672,
    "filtering_time_runs": [
        0.002998828887939453,
        0.00299835205078125,
        0.011912822723388672,
        0.007010221481323242,
        0.008984565734863281
    ],
    "filtering_memory_mean": -1.85859375,
    "filtering_memory_std": 4.630561907226828,
    "filtering_memory_min": -9.9609375,
    "filtering_memory_max": 1.20703125,
    "filtering_memory_runs": [
        0.93359375,
        1.20703125,
        -1.1875,
        -0.28515625,
        -9.9609375
    ],
    "correlation_time_mean": 0.01791825294494629,
    "correlation_time_std": 0.010679480829005019,
    "correlation_time_min": 0.008011817932128906,
    "correlation_time_max": 0.03198385238647461,
    "correlation_time_runs": [
        0.008011817932128906,
        0.008026599884033203,
        0.03198385238647461,
        0.0159912109375,
        0.025577783584594727
    ],
    "correlation_memory_mean": -0.31484375,
    "correlation_memory_std": 3.0770238155600027,
    "correlation_memory_min": -3.140625,
    "correlation_memory_max": 2.95703125,
    "correlation_memory_runs": [
        2.9453125,
        2.95703125,
        -1.25,
        -3.0859375,
        -3.140625
    ]
}