{
    "row_count": 5000000,
    "memory_size_gb": 0.23748737946152687,
    "average_filtered_value": 7498.603640230923,
    "total_operation_time_mean": 28.172473192214966,
    "loading_time_mean": 9.577996253967285,
    "loading_time_std": 1.0575858351041318,
    "loading_time_min": 8.409300804138184,
    "loading_time_max": 10.73960018157959,
    "loading_time_runs": [
        10.73960018157959,
        10.611467838287354,
        9.35115122795105,
        8.409300804138184,
        8.778461217880249
    ],
    "loading_memory_mean": 64.4203125,
    "loading_memory_std": 65.38011803514544,
    "loading_memory_min": -18.5234375,
    "loading_memory_max": 138.94140625,
    "loading_memory_runs": [
        -18.5234375,
        107.48046875,
        138.94140625,
        80.3515625,
        13.8515625
    ],
    "cleaning_time_mean": 0.0004015445709228516,
    "cleaning_time_std": 0.0005498454634886469,
    "cleaning_time_min": 0.0,
    "cleaning_time_max": 0.0010080337524414062,
    "cleaning_time_runs": [
        0.0,
        0.0,
        0.0010080337524414062,
        0.0009996891021728516,
        0.0
    ],
    "cleaning_memory_mean": 0.00078125,
    "cleaning_memory_std": 0.0017469281074217107,
    "cleaning_memory_min": 0.0,
    "cleaning_memory_max": 0.00390625,
    "cleaning_memory_runs": [
        0.00390625,
        0.0,
        0.0,
        0.0,
        0.0
    ],
    "aggregation_time_mean": 0.011025047302246094,
    "aggregation_time_std": 0.0024291122316640727,
    "aggregation_time_min": 0.007940530776977539,
    "aggregation_time_max": 0.013555288314819336,
    "aggregation_time_runs": [
        0.013555288314819336,
        0.012603044509887695,
        0.007940530776977539,
        0.008984804153442383,
        0.012041568756103516
    ],
    "aggregation_memory_mean": -0.725,
    "aggregation_memory_std": 1.1470069746954463,
    "aggregation_memory_min": -2.625,
    "aggregation_memory_max": 0.0,
    "aggregation_memory_runs": [
        0.0,
        0.0,
        0.0,
        -2.625,
        -1.0
    ],
    "sorting_time_mean": 0.00020160675048828126,
    "sorting_time_std": 0.00045080639881463577,
    "sorting_time_min": 0.0,
    "sorting_time_max": 0.0010080337524414062,
    "sorting_time_runs": [
        0.0,
        0.0,
        0.0,
        0.0,
        0.0010080337524414062
    ],
    "sorting_memory_mean": 0.0,
    "sorting_memory_std": 0.0,
    "sorting_memory_min": 0.0,
    "sorting_memory_max": 0.0,
    "sorting_memory_runs": [
        0.0,
        0.0,
        0.0,
        0.0,
        0.0
    ],
    "filtering_time_mean": 8.905531787872315,
    "filtering_time_std": 1.0793945806098864,
    "filtering_time_min": 7.702303409576416,
    "filtering_time_max": 9.969561576843262,
    "filtering_time_runs": [
        9.881319761276245,
        9.969561576843262,
        9.11107587814331,
        7.863398313522339,
        7.702303409576416
    ],
    "filtering_memory_mean": -12.7,
    "filtering_memory_std": 29.77653018020659,
    "filtering_memory_min": -65.90234375,
    "filtering_memory_max": 2.7265625,
    "filtering_memory_runs": [
        -1.0078125,
        -65.90234375,
        -0.4375,
        1.12109375,
        2.7265625
    ],
    "correlation_time_mean": 9.67731695175171,
    "correlation_time_std": 1.367657273309879,
    "correlation_time_min": 8.801311016082764,
    "correlation_time_max": 12.076703071594238,
    "correlation_time_runs": [
        12.076703071594238,
        9.48544692993164,
        8.880734205245972,
        9.14238953590393,
        8.801311016082764
    ],
    "correlation_memory_mean": 30.6875,
    "correlation_memory_std": 36.102889108626,
    "correlation_memory_min": 2.8359375,
    "correlation_memory_max": 76.3359375,
    "correlation_memory_runs": [
        63.47265625,
        76.3359375,
        2.8359375,
        5.55078125,
        5.2421875
    ]
}