{
    "memory_size_gb": 0.21886080503463745,
    "row_count": 5000000,
    "average_filtered_value": 7498.603640230923,
    "total_operation_time_mean": 5.483775711059571,
    "loading_time_mean": 0.28229513168334963,
    "loading_time_std": 0.021546673610375506,
    "loading_time_min": 0.25592780113220215,
    "loading_time_max": 0.3088812828063965,
    "loading_time_runs": [
        0.29499316215515137,
        0.2655820846557617,
        0.3088812828063965,
        0.28609132766723633,
        0.25592780113220215
    ],
    "loading_memory_mean": -82.11796875,
    "loading_memory_std": 20.362977657253968,
    "loading_memory_min": -117.84375,
    "loading_memory_max": -68.03515625,
    "loading_memory_runs": [
        -68.03515625,
        -78.765625,
        -71.32421875,
        -74.62109375,
        -117.84375
    ],
    "cleaning_time_mean": 0.053077077865600585,
    "cleaning_time_std": 0.007813842590946286,
    "cleaning_time_min": 0.043027639389038086,
    "cleaning_time_max": 0.061630964279174805,
    "cleaning_time_runs": [
        0.0475618839263916,
        0.05383729934692383,
        0.05932760238647461,
        0.043027639389038086,
        0.061630964279174805
    ],
    "cleaning_memory_mean": -3.37421875,
    "cleaning_memory_std": 15.361748767484531,
    "cleaning_memory_min": -21.73828125,
    "cleaning_memory_max": 18.453125,
    "cleaning_memory_runs": [
        18.453125,
        0.1171875,
        0.0,
        -21.73828125,
        -13.703125
    ],
    "aggregation_time_mean": 2.3110469818115233,
    "aggregation_time_std": 0.2158258389069889,
    "aggregation_time_min": 2.0501105785369873,
    "aggregation_time_max": 2.5522944927215576,
    "aggregation_time_runs": [
        2.4453933238983154,
        2.120652675628662,
        2.3867838382720947,
        2.5522944927215576,
        2.0501105785369873
    ],
    "aggregation_memory_mean": 108.98125,
    "aggregation_memory_std": 13.291039705387812,
    "aggregation_memory_min": 95.35546875,
    "aggregation_memory_max": 127.60546875,
    "aggregation_memory_runs": [
        113.625,
        111.44140625,
        96.87890625,
        95.35546875,
        127.60546875
    ],
    "sorting_time_mean": 2.234640693664551,
    "sorting_time_std": 0.0997185043789061,
    "sorting_time_min": 2.101872444152832,
    "sorting_time_max": 2.3416311740875244,
    "sorting_time_runs": [
        2.3416311740875244,
        2.1734955310821533,
        2.2382009029388428,
        2.3180034160614014,
        2.101872444152832
    ],
    "sorting_memory_mean": 41.73671875,
    "sorting_memory_std": 23.419219531077978,
    "sorting_memory_min": 17.79296875,
    "sorting_memory_max": 77.8203125,
    "sorting_memory_runs": [
        50.8671875,
        33.21484375,
        77.8203125,
        17.79296875,
        28.98828125
    ],
    "filtering_time_mean": 0.1611882209777832,
    "filtering_time_std": 0.04571888389185356,
    "filtering_time_min": 0.1273198127746582,
    "filtering_time_max": 0.2413792610168457,
    "filtering_time_runs": [
        0.14786052703857422,
        0.150223970413208,
        0.13915753364562988,
        0.1273198127746582,
        0.2413792610168457
    ],
    "filtering_memory_mean": 7.96875,
    "filtering_memory_std": 20.512253797356543,
    "filtering_memory_min": -14.578125,
    "filtering_memory_max": 29.9140625,
    "filtering_memory_runs": [
        29.9140625,
        23.734375,
        13.22265625,
        -12.44921875,
        -14.578125
    ],
    "correlation_time_mean": 0.4415276050567627,
    "correlation_time_std": 0.07167156058846658,
    "correlation_time_min": 0.35133981704711914,
    "correlation_time_max": 0.5220234394073486,
    "correlation_time_runs": [
        0.35133981704711914,
        0.5220234394073486,
        0.43606090545654297,
        0.3953061103820801,
        0.5029077529907227
    ],
    "correlation_memory_mean": 0.0,
    "correlation_memory_std": 0.0,
    "correlation_memory_min": 0.0,
    "correlation_memory_max": 0.0,
    "correlation_memory_runs": [
        0.0,
        0.0,
        0.0,
        0.0,
        0.0
    ]
}