{
    "row_count": 100000,
    "memory_size_gb": 0.004656735807657242,
    "average_filtered_value": 74898.06119020957,
    "total_operation_time_mean": 0.5579142093658447,
    "loading_time_mean": 0.21647725105285645,
    "loading_time_std": 0.18574017421151973,
    "loading_time_min": 0.1286942958831787,
    "loading_time_max": 0.5486736297607422,
    "loading_time_runs": [
        0.13904881477355957,
        0.13331055641174316,
        0.1326589584350586,
        0.1286942958831787,
        0.5486736297607422
    ],
    "loading_memory_mean": 3.6515625,
    "loading_memory_std": 0.9046507305783473,
    "loading_memory_min": 2.68359375,
    "loading_memory_max": 4.81640625,
    "loading_memory_runs": [
        4.13671875,
        4.81640625,
        2.68359375,
        2.8046875,
        3.81640625
    ],
    "cleaning_time_mean": 0.0,
    "cleaning_time_std": 0.0,
    "cleaning_time_min": 0.0,
    "cleaning_time_max": 0.0,
    "cleaning_time_runs": [
        0.0,
        0.0,
        0.0,
        0.0,
        0.0
    ],
    "cleaning_memory_mean": 0.0,
    "cleaning_memory_std": 0.0,
    "cleaning_memory_min": 0.0,
    "cleaning_memory_max": 0.0,
    "cleaning_memory_runs": [
        0.0,
        0.0,
        0.0,
        0.0,
        0.0
    ],
    "aggregation_time_mean": 0.005936050415039062,
    "aggregation_time_std": 0.0010650224191225952,
    "aggregation_time_min": 0.005006313323974609,
    "aggregation_time_max": 0.007614612579345703,
    "aggregation_time_runs": [
        0.006040334701538086,
        0.007614612579345703,
        0.005019426345825195,
        0.005006313323974609,
        0.005999565124511719
    ],
    "aggregation_memory_mean": 0.00078125,
    "aggregation_memory_std": 0.0017469281074217107,
    "aggregation_memory_min": 0.0,
    "aggregation_memory_max": 0.00390625,
    "aggregation_memory_runs": [
        0.00390625,
        0.0,
        0.0,
        0.0,
        0.0
    ],
    "sorting_time_mean": 0.00020427703857421874,
    "sorting_time_std": 0.00045677734449429985,
    "sorting_time_min": 0.0,
    "sorting_time_max": 0.0010213851928710938,
    "sorting_time_runs": [
        0.0,
        0.0010213851928710938,
        0.0,
        0.0,
        0.0
    ],
    "sorting_memory_mean": 0.0,
    "sorting_memory_std": 0.0,
    "sorting_memory_min": 0.0,
    "sorting_memory_max": 0.0,
    "sorting_memory_runs": [
        0.0,
        0.0,
        0.0,
        0.0,
        0.0
    ],
    "filtering_time_mean": 0.18242969512939453,
    "filtering_time_std": 0.13422763684604563,
    "filtering_time_min": 0.10881638526916504,
    "filtering_time_max": 0.42212414741516113,
    "filtering_time_runs": [
        0.10881638526916504,
        0.12645411491394043,
        0.12666940689086914,
        0.12808442115783691,
        0.42212414741516113
    ],
    "filtering_memory_mean": 0.00546875,
    "filtering_memory_std": 0.1937751999740937,
    "filtering_memory_min": -0.10546875,
    "filtering_memory_max": 0.34765625,
    "filtering_memory_runs": [
        0.34765625,
        -0.08984375,
        -0.10546875,
        -0.02734375,
        -0.09765625
    ],
    "correlation_time_mean": 0.15286693572998047,
    "correlation_time_std": 0.009534793974343819,
    "correlation_time_min": 0.13992071151733398,
    "correlation_time_max": 0.16605734825134277,
    "correlation_time_runs": [
        0.14904117584228516,
        0.15394806861877441,
        0.15536737442016602,
        0.16605734825134277,
        0.13992071151733398
    ],
    "correlation_memory_mean": -0.0125,
    "correlation_memory_std": 0.2720163964210154,
    "correlation_memory_min": -0.48046875,
    "correlation_memory_max": 0.2109375,
    "correlation_memory_runs": [
        -0.48046875,
        0.2109375,
        0.12109375,
        0.08203125,
        0.00390625
    ]
}