{
    "memory_size_gb": 0.4377216100692749,
    "row_count": 10000000,
    "average_filtered_value": 7502.053136843133,
    "total_operation_time_mean": 7.191232299804687,
    "loading_time_mean": 0.5218491077423095,
    "loading_time_std": 0.06438215938015496,
    "loading_time_min": 0.47315096855163574,
    "loading_time_max": 0.6296813488006592,
    "loading_time_runs": [
        0.6296813488006592,
        0.5291695594787598,
        0.47598743438720703,
        0.5012562274932861,
        0.47315096855163574
    ],
    "loading_memory_mean": -10.05234375,
    "loading_memory_std": 50.15992593860178,
    "loading_memory_min": -45.8359375,
    "loading_memory_max": 76.02734375,
    "loading_memory_runs": [
        -40.5859375,
        76.02734375,
        -45.8359375,
        -8.8359375,
        -31.03125
    ],
    "cleaning_time_mean": 0.061702537536621097,
    "cleaning_time_std": 0.012185853559523858,
    "cleaning_time_min": 0.0500795841217041,
    "cleaning_time_max": 0.08113694190979004,
    "cleaning_time_runs": [
        0.08113694190979004,
        0.06544852256774902,
        0.05635476112365723,
        0.05549287796020508,
        0.0500795841217041
    ],
    "cleaning_memory_mean": 7.96875,
    "cleaning_memory_std": 44.698371045089246,
    "cleaning_memory_min": -34.28515625,
    "cleaning_memory_max": 69.5546875,
    "cleaning_memory_runs": [
        69.5546875,
        40.53515625,
        -19.75,
        -16.2109375,
        -34.28515625
    ],
    "aggregation_time_mean": 2.960716152191162,
    "aggregation_time_std": 0.21302084562059068,
    "aggregation_time_min": 2.6984236240386963,
    "aggregation_time_max": 3.254896402359009,
    "aggregation_time_runs": [
        2.9355485439300537,
        3.070307731628418,
        2.6984236240386963,
        3.254896402359009,
        2.844404458999634
    ],
    "aggregation_memory_mean": 5.04296875,
    "aggregation_memory_std": 21.78586453959982,
    "aggregation_memory_min": -23.69140625,
    "aggregation_memory_max": 37.703125,
    "aggregation_memory_runs": [
        3.09765625,
        -23.69140625,
        37.703125,
        3.60546875,
        4.5
    ],
    "sorting_time_mean": 2.901612138748169,
    "sorting_time_std": 0.17122535381734047,
    "sorting_time_min": 2.714215040206909,
    "sorting_time_max": 3.0993409156799316,
    "sorting_time_runs": [
        3.0993409156799316,
        2.909210681915283,
        2.7462918758392334,
        2.714215040206909,
        3.0390021800994873
    ],
    "sorting_memory_mean": 22.775,
    "sorting_memory_std": 36.31890136183047,
    "sorting_memory_min": -25.8203125,
    "sorting_memory_max": 68.23828125,
    "sorting_memory_runs": [
        68.23828125,
        43.359375,
        25.70703125,
        2.390625,
        -25.8203125
    ],
    "filtering_time_mean": 0.20556244850158692,
    "filtering_time_std": 0.02889391567900259,
    "filtering_time_min": 0.17598724365234375,
    "filtering_time_max": 0.2530198097229004,
    "filtering_time_runs": [
        0.1970975399017334,
        0.19390606880187988,
        0.17598724365234375,
        0.20780158042907715,
        0.2530198097229004
    ],
    "filtering_memory_mean": 45.7390625,
    "filtering_memory_std": 25.853545415414015,
    "filtering_memory_min": 9.35546875,
    "filtering_memory_max": 80.81640625,
    "filtering_memory_runs": [
        80.81640625,
        43.4375,
        54.87890625,
        9.35546875,
        40.20703125
    ],
    "correlation_time_mean": 0.5397899150848389,
    "correlation_time_std": 0.031353272093503255,
    "correlation_time_min": 0.506561279296875,
    "correlation_time_max": 0.5907385349273682,
    "correlation_time_runs": [
        0.5289170742034912,
        0.5296378135681152,
        0.5907385349273682,
        0.506561279296875,
        0.5430948734283447
    ],
    "correlation_memory_mean": 0.0,
    "correlation_memory_std": 0.0,
    "correlation_memory_min": 0.0,
    "correlation_memory_max": 0.0,
    "correlation_memory_runs": [
        0.0,
        0.0,
        0.0,
        0.0,
        0.0
    ]
}