{
    "memory_size_gb": 0.0059604644775390625,
    "row_count": 100000,
    "average_filtered_value": 74898.06119020957,
    "total_operation_time_mean": 0.08523120880126953,
    "loading_time_mean": 0.020064401626586913,
    "loading_time_std": 0.00929855554000423,
    "loading_time_min": 0.009750127792358398,
    "loading_time_max": 0.027135610580444336,
    "loading_time_runs": [
        0.009750127792358398,
        0.010016202926635742,
        0.027002573013305664,
        0.027135610580444336,
        0.02641749382019043
    ],
    "loading_memory_mean": 1.57890625,
    "loading_memory_std": 1.0233234371075421,
    "loading_memory_min": 0.73828125,
    "loading_memory_max": 3.3125,
    "loading_memory_runs": [
        3.3125,
        1.63671875,
        0.73828125,
        1.0,
        1.20703125
    ],
    "cleaning_time_mean": 0.005976295471191407,
    "cleaning_time_std": 0.0023724321601093557,
    "cleaning_time_min": 0.0030312538146972656,
    "cleaning_time_max": 0.009466886520385742,
    "cleaning_time_runs": [
        0.0030312538146972656,
        0.005000114440917969,
        0.005639076232910156,
        0.0067441463470458984,
        0.009466886520385742
    ],
    "cleaning_memory_mean": -27.93828125,
    "cleaning_memory_std": 9.133680588555196,
    "cleaning_memory_min": -40.421875,
    "cleaning_memory_max": -15.58984375,
    "cleaning_memory_runs": [
        -26.2734375,
        -31.9765625,
        -40.421875,
        -15.58984375,
        -25.4296875
    ],
    "aggregation_time_mean": 0.024167871475219725,
    "aggregation_time_std": 0.014403394066210204,
    "aggregation_time_min": 0.00908350944519043,
    "aggregation_time_max": 0.04481959342956543,
    "aggregation_time_runs": [
        0.00908350944519043,
        0.011829853057861328,
        0.028124094009399414,
        0.04481959342956543,
        0.02698230743408203
    ],
    "aggregation_memory_mean": 24.21484375,
    "aggregation_memory_std": 6.337055451039606,
    "aggregation_memory_min": 14.51953125,
    "aggregation_memory_max": 31.1953125,
    "aggregation_memory_runs": [
        26.1875,
        31.1953125,
        21.96484375,
        14.51953125,
        27.20703125
    ],
    "sorting_time_mean": 0.01696929931640625,
    "sorting_time_std": 0.008010739474871598,
    "sorting_time_min": 0.004078865051269531,
    "sorting_time_max": 0.02503514289855957,
    "sorting_time_runs": [
        0.02503514289855957,
        0.004078865051269531,
        0.01726508140563965,
        0.021983623504638672,
        0.016483783721923828
    ],
    "sorting_memory_mean": 6.18984375,
    "sorting_memory_std": 1.9977071971162732,
    "sorting_memory_min": 3.7578125,
    "sorting_memory_max": 7.91015625,
    "sorting_memory_runs": [
        3.7578125,
        7.73046875,
        7.25390625,
        7.91015625,
        4.296875
    ],
    "filtering_time_mean": 0.003913068771362304,
    "filtering_time_std": 0.0030026571521646387,
    "filtering_time_min": 0.00099945068359375,
    "filtering_time_max": 0.00799870491027832,
    "filtering_time_runs": [
        0.0020220279693603516,
        0.00099945068359375,
        0.00799870491027832,
        0.0023953914642333984,
        0.006149768829345703
    ],
    "filtering_memory_mean": -3.9015625,
    "filtering_memory_std": 4.600921969691663,
    "filtering_memory_min": -11.49609375,
    "filtering_memory_max": 0.75,
    "filtering_memory_runs": [
        -2.2265625,
        0.75,
        -11.49609375,
        -4.203125,
        -2.33203125
    ],
    "correlation_time_mean": 0.01414027214050293,
    "correlation_time_std": 0.00885660554162154,
    "correlation_time_min": 0.0054357051849365234,
    "correlation_time_max": 0.025640010833740234,
    "correlation_time_runs": [
        0.009022712707519531,
        0.009102344512939453,
        0.025640010833740234,
        0.0054357051849365234,
        0.021500587463378906
    ],
    "correlation_memory_mean": 1.2,
    "correlation_memory_std": 2.966783888426152,
    "correlation_memory_min": -2.4921875,
    "correlation_memory_max": 4.13671875,
    "correlation_memory_runs": [
        2.91015625,
        2.91015625,
        -1.46484375,
        4.13671875,
        -2.4921875
    ]
}