{
    "memory_size_gb": 0.004284083843231201,
    "row_count": 100000,
    "average_filtered_value": 74898.06119020957,
    "total_operation_time_mean": 0.08173298835754395,
    "loading_time_mean": 0.00796060562133789,
    "loading_time_std": 0.002946942770367654,
    "loading_time_min": 0.0056591033935546875,
    "loading_time_max": 0.013000011444091797,
    "loading_time_runs": [
        0.0056591033935546875,
        0.006966352462768555,
        0.0062122344970703125,
        0.013000011444091797,
        0.007965326309204102
    ],
    "loading_memory_mean": 16.3984375,
    "loading_memory_std": 0.9510294907547064,
    "loading_memory_min": 14.8984375,
    "loading_memory_max": 17.3125,
    "loading_memory_runs": [
        16.23828125,
        16.43359375,
        17.3125,
        14.8984375,
        17.109375
    ],
    "cleaning_time_mean": 0.0031252384185791017,
    "cleaning_time_std": 0.00393370187255813,
    "cleaning_time_min": 0.0,
    "cleaning_time_max": 0.00963139533996582,
    "cleaning_time_runs": [
        0.0,
        0.00099945068359375,
        0.00963139533996582,
        0.003996372222900391,
        0.0009989738464355469
    ],
    "cleaning_memory_mean": 0.2375,
    "cleaning_memory_std": 0.40667608364854546,
    "cleaning_memory_min": 0.0,
    "cleaning_memory_max": 0.9453125,
    "cleaning_memory_runs": [
        0.22265625,
        0.01953125,
        0.9453125,
        0.0,
        0.0
    ],
    "aggregation_time_mean": 0.05043582916259766,
    "aggregation_time_std": 0.014933421110102344,
    "aggregation_time_min": 0.04086470603942871,
    "aggregation_time_max": 0.07648253440856934,
    "aggregation_time_runs": [
        0.043418169021606445,
        0.04086470603942871,
        0.07648253440856934,
        0.04944968223571777,
        0.041964054107666016
    ],
    "aggregation_memory_mean": 6.6265625,
    "aggregation_memory_std": 0.966761757569277,
    "aggregation_memory_min": 5.59765625,
    "aggregation_memory_max": 7.98828125,
    "aggregation_memory_runs": [
        7.98828125,
        7.10546875,
        6.5859375,
        5.59765625,
        5.85546875
    ],
    "sorting_time_mean": 0.010590171813964844,
    "sorting_time_std": 0.0011662342778749307,
    "sorting_time_min": 0.009281396865844727,
    "sorting_time_max": 0.011997222900390625,
    "sorting_time_runs": [
        0.011180400848388672,
        0.011997222900390625,
        0.009483575820922852,
        0.009281396865844727,
        0.011008262634277344
    ],
    "sorting_memory_mean": 0.43671875,
    "sorting_memory_std": 0.6425775313447106,
    "sorting_memory_min": 0.046875,
    "sorting_memory_max": 1.52734375,
    "sorting_memory_runs": [
        1.52734375,
        0.046875,
        0.515625,
        0.046875,
        0.046875
    ],
    "filtering_time_mean": 0.0009851455688476562,
    "filtering_time_std": 2.8134907665499492e-05,
    "filtering_time_min": 0.0009393692016601562,
    "filtering_time_max": 0.0010085105895996094,
    "filtering_time_runs": [
        0.0010085105895996094,
        0.0009918212890625,
        0.0009796619415283203,
        0.0009393692016601562,
        0.0010063648223876953
    ],
    "filtering_memory_mean": 0.02890625,
    "filtering_memory_std": 0.038630422859612865,
    "filtering_memory_min": 0.0,
    "filtering_memory_max": 0.09375,
    "filtering_memory_runs": [
        0.09375,
        0.03515625,
        0.0078125,
        0.0078125,
        0.0
    ],
    "correlation_time_mean": 0.008635997772216797,
    "correlation_time_std": 0.001536123643044158,
    "correlation_time_min": 0.007531404495239258,
    "correlation_time_max": 0.01131296157836914,
    "correlation_time_runs": [
        0.008163928985595703,
        0.01131296157836914,
        0.007531404495239258,
        0.008420705795288086,
        0.007750988006591797
    ],
    "correlation_memory_mean": -1.54921875,
    "correlation_memory_std": 0.43921955598467494,
    "correlation_memory_min": -1.82421875,
    "correlation_memory_max": -0.80859375,
    "correlation_memory_runs": [
        -1.48046875,
        -1.82421875,
        -1.81640625,
        -1.81640625,
        -0.80859375
    ]
}