{
    "row_count": 100000,
    "memory_size_gb": 0.004656735807657242,
    "average_filtered_value": 74898.06119020957,
    "total_operation_time_mean": 0.3605523109436035,
    "loading_time_mean": 0.11821074485778808,
    "loading_time_std": 0.009766075713927479,
    "loading_time_min": 0.1096198558807373,
    "loading_time_max": 0.1340923309326172,
    "loading_time_runs": [
        0.11659359931945801,
        0.1340923309326172,
        0.11108636856079102,
        0.1096198558807373,
        0.11966156959533691
    ],
    "loading_memory_mean": 3.428125,
    "loading_memory_std": 0.6991456403817761,
    "loading_memory_min": 2.734375,
    "loading_memory_max": 4.5234375,
    "loading_memory_runs": [
        3.65625,
        2.734375,
        3.22265625,
        3.00390625,
        4.5234375
    ],
    "cleaning_time_mean": 0.0,
    "cleaning_time_std": 0.0,
    "cleaning_time_min": 0.0,
    "cleaning_time_max": 0.0,
    "cleaning_time_runs": [
        0.0,
        0.0,
        0.0,
        0.0,
        0.0
    ],
    "cleaning_memory_mean": 0.0015625,
    "cleaning_memory_std": 0.002139541240254555,
    "cleaning_memory_min": 0.0,
    "cleaning_memory_max": 0.00390625,
    "cleaning_memory_runs": [
        0.00390625,
        0.00390625,
        0.0,
        0.0,
        0.0
    ],
    "aggregation_time_mean": 0.005375432968139649,
    "aggregation_time_std": 0.002071297431879492,
    "aggregation_time_min": 0.003908395767211914,
    "aggregation_time_max": 0.008959293365478516,
    "aggregation_time_runs": [
        0.008959293365478516,
        0.005005836486816406,
        0.003908395767211914,
        0.00400090217590332,
        0.005002737045288086
    ],
    "aggregation_memory_mean": 0.00078125,
    "aggregation_memory_std": 0.0017469281074217107,
    "aggregation_memory_min": 0.0,
    "aggregation_memory_max": 0.00390625,
    "aggregation_memory_runs": [
        0.00390625,
        0.0,
        0.0,
        0.0,
        0.0
    ],
    "sorting_time_mean": 0.0001998424530029297,
    "sorting_time_std": 0.00044686130970485774,
    "sorting_time_min": 0.0,
    "sorting_time_max": 0.0009992122650146484,
    "sorting_time_runs": [
        0.0,
        0.0,
        0.0,
        0.0009992122650146484,
        0.0
    ],
    "sorting_memory_mean": 0.0,
    "sorting_memory_std": 0.0,
    "sorting_memory_min": 0.0,
    "sorting_memory_max": 0.0,
    "sorting_memory_runs": [
        0.0,
        0.0,
        0.0,
        0.0,
        0.0
    ],
    "filtering_time_mean": 0.10282926559448242,
    "filtering_time_std": 0.008315965473796072,
    "filtering_time_min": 0.0939781665802002,
    "filtering_time_max": 0.11407279968261719,
    "filtering_time_runs": [
        0.09981465339660645,
        0.108734130859375,
        0.11407279968261719,
        0.0939781665802002,
        0.09754657745361328
    ],
    "filtering_memory_mean": 0.28046875,
    "filtering_memory_std": 0.2090920429425161,
    "filtering_memory_min": 0.015625,
    "filtering_memory_max": 0.484375,
    "filtering_memory_runs": [
        0.3984375,
        0.40625,
        0.015625,
        0.484375,
        0.09765625
    ],
    "correlation_time_mean": 0.13393702507019042,
    "correlation_time_std": 0.006873508722914797,
    "correlation_time_min": 0.12722134590148926,
    "correlation_time_max": 0.1445930004119873,
    "correlation_time_runs": [
        0.1335141658782959,
        0.13563990592956543,
        0.1445930004119873,
        0.12871670722961426,
        0.12722134590148926
    ],
    "correlation_memory_mean": -0.4125,
    "correlation_memory_std": 0.34081443628530284,
    "correlation_memory_min": -0.8046875,
    "correlation_memory_max": 0.078125,
    "correlation_memory_runs": [
        -0.33203125,
        -0.8046875,
        -0.34765625,
        -0.65625,
        0.078125
    ]
}