{
    "memory_size_gb": 0.06146741285920143,
    "row_count": 500000,
    "average_filtered_value": 75038.29452339467,
    "total_operation_time_mean": 1.451267623901367,
    "loading_time_mean": 0.8912613391876221,
    "loading_time_std": 0.16634324675044435,
    "loading_time_min": 0.6702919006347656,
    "loading_time_max": 1.0452260971069336,
    "loading_time_runs": [
        1.0327537059783936,
        0.6702919006347656,
        0.9416341781616211,
        0.7664008140563965,
        1.0452260971069336
    ],
    "loading_memory_mean": 17.0015625,
    "loading_memory_std": 0.2904790039879173,
    "loading_memory_min": 16.71484375,
    "loading_memory_max": 17.3984375,
    "loading_memory_runs": [
        17.3984375,
        17.08984375,
        16.71484375,
        17.08984375,
        16.71484375
    ],
    "cleaning_time_mean": 0.06475272178649902,
    "cleaning_time_std": 0.006071260232514042,
    "cleaning_time_min": 0.05748891830444336,
    "cleaning_time_max": 0.0733494758605957,
    "cleaning_time_runs": [
        0.06081891059875488,
        0.05748891830444336,
        0.0670320987701416,
        0.06507420539855957,
        0.0733494758605957
    ],
    "cleaning_memory_mean": 19.70859375,
    "cleaning_memory_std": 0.2053959590644373,
    "cleaning_memory_min": 19.55859375,
    "cleaning_memory_max": 19.93359375,
    "cleaning_memory_runs": [
        19.55859375,
        19.55859375,
        19.93359375,
        19.55859375,
        19.93359375
    ],
    "aggregation_time_mean": 0.2614004135131836,
    "aggregation_time_std": 0.04395132339984941,
    "aggregation_time_min": 0.22048544883728027,
    "aggregation_time_max": 0.3293743133544922,
    "aggregation_time_runs": [
        0.27001023292541504,
        0.22048544883728027,
        0.26256775856018066,
        0.2245643138885498,
        0.3293743133544922
    ],
    "aggregation_memory_mean": 11.1015625,
    "aggregation_memory_std": 0.0,
    "aggregation_memory_min": 11.1015625,
    "aggregation_memory_max": 11.1015625,
    "aggregation_memory_runs": [
        11.1015625,
        11.1015625,
        11.1015625,
        11.1015625,
        11.1015625
    ],
    "sorting_time_mean": 0.09145746231079102,
    "sorting_time_std": 0.017043076422282984,
    "sorting_time_min": 0.07419562339782715,
    "sorting_time_max": 0.11148929595947266,
    "sorting_time_runs": [
        0.08045721054077148,
        0.08316802978515625,
        0.10797715187072754,
        0.07419562339782715,
        0.11148929595947266
    ],
    "sorting_memory_mean": 22.89453125,
    "sorting_memory_std": 0.0,
    "sorting_memory_min": 22.89453125,
    "sorting_memory_max": 22.89453125,
    "sorting_memory_runs": [
        22.89453125,
        22.89453125,
        22.89453125,
        22.89453125,
        22.89453125
    ],
    "filtering_time_mean": 0.016001081466674803,
    "filtering_time_std": 0.0036209874922316886,
    "filtering_time_min": 0.013011932373046875,
    "filtering_time_max": 0.021612882614135742,
    "filtering_time_runs": [
        0.013108968734741211,
        0.021612882614135742,
        0.013011932373046875,
        0.014790773391723633,
        0.017480850219726562
    ],
    "filtering_memory_mean": 11.640625,
    "filtering_memory_std": 0.0,
    "filtering_memory_min": 11.640625,
    "filtering_memory_max": 11.640625,
    "filtering_memory_runs": [
        11.640625,
        11.640625,
        11.640625,
        11.640625,
        11.640625
    ],
    "correlation_time_mean": 0.12639460563659669,
    "correlation_time_std": 0.026296732402971014,
    "correlation_time_min": 0.09346389770507812,
    "correlation_time_max": 0.16655182838439941,
    "correlation_time_runs": [
        0.09346389770507812,
        0.12960410118103027,
        0.16655182838439941,
        0.11971330642700195,
        0.12263989448547363
    ],
    "correlation_memory_mean": 0.0,
    "correlation_memory_std": 0.0,
    "correlation_memory_min": 0.0,
    "correlation_memory_max": 0.0,
    "correlation_memory_runs": [
        0.0,
        0.0,
        0.0,
        0.0,
        0.0
    ]
}