{
    "memory_size_gb": 1.2386591471731663,
    "row_count": 10000000,
    "average_filtered_value": 7502.053136843133,
    "total_operation_time_mean": 20.97730417251587,
    "loading_time_mean": 12.504590606689453,
    "loading_time_std": 1.0036463598031973,
    "loading_time_min": 11.289324283599854,
    "loading_time_max": 13.74720573425293,
    "loading_time_runs": [
        12.10305380821228,
        12.068379163742065,
        11.289324283599854,
        13.74720573425293,
        13.314990043640137
    ],
    "loading_memory_mean": 530.4125,
    "loading_memory_std": 68.45084675835672,
    "loading_memory_min": 414.9921875,
    "loading_memory_max": 594.62890625,
    "loading_memory_runs": [
        594.62890625,
        562.484375,
        546.4921875,
        533.46484375,
        414.9921875
    ],
    "cleaning_time_mean": 1.1444732189178466,
    "cleaning_time_std": 0.09775783753196336,
    "cleaning_time_min": 1.0477015972137451,
    "cleaning_time_max": 1.2727069854736328,
    "cleaning_time_runs": [
        1.0477015972137451,
        1.072004795074463,
        1.108738899230957,
        1.2212138175964355,
        1.2727069854736328
    ],
    "cleaning_memory_mean": 381.4765625,
    "cleaning_memory_std": 0.0,
    "cleaning_memory_min": 381.4765625,
    "cleaning_memory_max": 381.4765625,
    "cleaning_memory_runs": [
        381.4765625,
        381.4765625,
        381.4765625,
        381.4765625,
        381.4765625
    ],
    "aggregation_time_mean": 1.7034931182861328,
    "aggregation_time_std": 0.36771112916481563,
    "aggregation_time_min": 1.235161542892456,
    "aggregation_time_max": 2.2637269496917725,
    "aggregation_time_runs": [
        2.2637269496917725,
        1.7160708904266357,
        1.235161542892456,
        1.619368553161621,
        1.6831376552581787
    ],
    "aggregation_memory_mean": 0.02734375,
    "aggregation_memory_std": 0.06114248375975988,
    "aggregation_memory_min": 0.0,
    "aggregation_memory_max": 0.13671875,
    "aggregation_memory_runs": [
        0.0,
        0.0,
        0.0,
        0.0,
        0.13671875
    ],
    "sorting_time_mean": 3.4947338104248047,
    "sorting_time_std": 0.45143174979582806,
    "sorting_time_min": 2.794128894805908,
    "sorting_time_max": 3.9217007160186768,
    "sorting_time_runs": [
        3.4988911151885986,
        3.9217007160186768,
        2.794128894805908,
        3.399596691131592,
        3.859351634979248
    ],
    "sorting_memory_mean": 457.7734375,
    "sorting_memory_std": 0.0,
    "sorting_memory_min": 457.7734375,
    "sorting_memory_max": 457.7734375,
    "sorting_memory_runs": [
        457.7734375,
        457.7734375,
        457.7734375,
        457.7734375,
        457.7734375
    ],
    "filtering_time_mean": 0.30432753562927245,
    "filtering_time_std": 0.070741057952167,
    "filtering_time_min": 0.222703218460083,
    "filtering_time_max": 0.4150102138519287,
    "filtering_time_runs": [
        0.28812456130981445,
        0.27842116355895996,
        0.222703218460083,
        0.4150102138519287,
        0.31737852096557617
    ],
    "filtering_memory_mean": 228.86328125,
    "filtering_memory_std": 0.0,
    "filtering_memory_min": 228.86328125,
    "filtering_memory_max": 228.86328125,
    "filtering_memory_runs": [
        228.86328125,
        228.86328125,
        228.86328125,
        228.86328125,
        228.86328125
    ],
    "correlation_time_mean": 1.8256858825683593,
    "correlation_time_std": 0.25032683736187344,
    "correlation_time_min": 1.5753240585327148,
    "correlation_time_max": 2.2301039695739746,
    "correlation_time_runs": [
        1.5753240585327148,
        1.7512972354888916,
        1.6972181797027588,
        2.2301039695739746,
        1.874485969543457
    ],
    "correlation_memory_mean": -0.00703125,
    "correlation_memory_std": 0.015722352966795396,
    "correlation_memory_min": -0.03515625,
    "correlation_memory_max": 0.0,
    "correlation_memory_runs": [
        0.0,
        0.0,
        0.0,
        0.0,
        -0.03515625
    ]
}