{
    "memory_size_gb": 0.029802322387695312,
    "row_count": 500000,
    "average_filtered_value": 75038.29452339467,
    "total_operation_time_mean": 0.31597156524658204,
    "loading_time_mean": 0.07361249923706055,
    "loading_time_std": 0.030426989804891308,
    "loading_time_min": 0.034626007080078125,
    "loading_time_max": 0.11065506935119629,
    "loading_time_runs": [
        0.06357383728027344,
        0.034626007080078125,
        0.06173563003540039,
        0.09747195243835449,
        0.11065506935119629
    ],
    "loading_memory_mean": 12.64375,
    "loading_memory_std": 5.228287183910368,
    "loading_memory_min": 7.12109375,
    "loading_memory_max": 20.09375,
    "loading_memory_runs": [
        20.09375,
        12.96875,
        8.30078125,
        14.734375,
        7.12109375
    ],
    "cleaning_time_mean": 0.027191543579101564,
    "cleaning_time_std": 0.008789492625656821,
    "cleaning_time_min": 0.016526222229003906,
    "cleaning_time_max": 0.03585219383239746,
    "cleaning_time_runs": [
        0.03486800193786621,
        0.016526222229003906,
        0.02911233901977539,
        0.019598960876464844,
        0.03585219383239746
    ],
    "cleaning_memory_mean": -82.57734375,
    "cleaning_memory_std": 15.659209961821764,
    "cleaning_memory_min": -105.77734375,
    "cleaning_memory_max": -62.44140625,
    "cleaning_memory_runs": [
        -78.65625,
        -105.77734375,
        -86.27734375,
        -62.44140625,
        -79.734375
    ],
    "aggregation_time_mean": 0.08554568290710449,
    "aggregation_time_std": 0.03499651927628079,
    "aggregation_time_min": 0.03932642936706543,
    "aggregation_time_max": 0.12931060791015625,
    "aggregation_time_runs": [
        0.03932642936706543,
        0.06264877319335938,
        0.09917688369750977,
        0.09726572036743164,
        0.12931060791015625
    ],
    "aggregation_memory_mean": 35.871875,
    "aggregation_memory_std": 25.445047354553857,
    "aggregation_memory_min": 13.92578125,
    "aggregation_memory_max": 72.1328125,
    "aggregation_memory_runs": [
        72.1328125,
        51.62109375,
        14.0078125,
        27.671875,
        13.92578125
    ],
    "sorting_time_mean": 0.06432638168334961,
    "sorting_time_std": 0.05172258416229606,
    "sorting_time_min": 0.02429938316345215,
    "sorting_time_max": 0.1493690013885498,
    "sorting_time_runs": [
        0.02429938316345215,
        0.02671670913696289,
        0.1493690013885498,
        0.07519364356994629,
        0.046053171157836914
    ],
    "sorting_memory_mean": 41.26953125,
    "sorting_memory_std": 8.504917741721965,
    "sorting_memory_min": 31.40234375,
    "sorting_memory_max": 53.3984375,
    "sorting_memory_runs": [
        35.45703125,
        31.40234375,
        41.5,
        44.58984375,
        53.3984375
    ],
    "filtering_time_mean": 0.009838247299194336,
    "filtering_time_std": 0.009704874059322828,
    "filtering_time_min": 0.004999637603759766,
    "filtering_time_max": 0.027175426483154297,
    "filtering_time_runs": [
        0.006026268005371094,
        0.0059893131256103516,
        0.027175426483154297,
        0.005000591278076172,
        0.004999637603759766
    ],
    "filtering_memory_mean": 0.8859375,
    "filtering_memory_std": 6.778589470348498,
    "filtering_memory_min": -5.55078125,
    "filtering_memory_max": 11.5,
    "filtering_memory_runs": [
        -2.91796875,
        3.453125,
        11.5,
        -5.55078125,
        -2.0546875
    ],
    "correlation_time_mean": 0.05545721054077148,
    "correlation_time_std": 0.029756982662398273,
    "correlation_time_min": 0.02036452293395996,
    "correlation_time_max": 0.10177040100097656,
    "correlation_time_runs": [
        0.04264235496520996,
        0.02036452293395996,
        0.10177040100097656,
        0.056176185607910156,
        0.05633258819580078
    ],
    "correlation_memory_mean": -10.0765625,
    "correlation_memory_std": 5.258534787405287,
    "correlation_memory_min": -13.98828125,
    "correlation_memory_max": -4.27734375,
    "correlation_memory_runs": [
        -13.87890625,
        -4.35546875,
        -13.98828125,
        -4.27734375,
        -13.8828125
    ]
}