{
    "memory_size_gb": 0.012293580919504166,
    "row_count": 100000,
    "average_filtered_value": 74898.06119020957,
    "total_operation_time_mean": 0.11604075431823731,
    "loading_time_mean": 0.06341009140014649,
    "loading_time_std": 0.0054997594894941534,
    "loading_time_min": 0.055025339126586914,
    "loading_time_max": 0.0692894458770752,
    "loading_time_runs": [
        0.055025339126586914,
        0.0628209114074707,
        0.06730079650878906,
        0.0692894458770752,
        0.06261396408081055
    ],
    "loading_memory_mean": 3.6078125,
    "loading_memory_std": 0.23579647068168239,
    "loading_memory_min": 3.30078125,
    "loading_memory_max": 3.81640625,
    "loading_memory_runs": [
        3.4140625,
        3.81640625,
        3.80078125,
        3.30078125,
        3.70703125
    ],
    "cleaning_time_mean": 0.007408666610717774,
    "cleaning_time_std": 0.0008949819107097691,
    "cleaning_time_min": 0.006011009216308594,
    "cleaning_time_max": 0.008046627044677734,
    "cleaning_time_runs": [
        0.006011009216308594,
        0.007003068923950195,
        0.007985591888427734,
        0.008046627044677734,
        0.00799703598022461
    ],
    "cleaning_memory_mean": 3.6140625,
    "cleaning_memory_std": 0.11265316179886498,
    "cleaning_memory_min": 3.453125,
    "cleaning_memory_max": 3.75390625,
    "cleaning_memory_runs": [
        3.6484375,
        3.453125,
        3.65234375,
        3.75390625,
        3.5625
    ],
    "aggregation_time_mean": 0.028079795837402343,
    "aggregation_time_std": 0.0031543170664485036,
    "aggregation_time_min": 0.02291560173034668,
    "aggregation_time_max": 0.030381202697753906,
    "aggregation_time_runs": [
        0.027190446853637695,
        0.029996395111083984,
        0.029915332794189453,
        0.030381202697753906,
        0.02291560173034668
    ],
    "aggregation_memory_mean": 3.3296875,
    "aggregation_memory_std": 0.8301153484300955,
    "aggregation_memory_min": 2.86328125,
    "aggregation_memory_max": 4.8046875,
    "aggregation_memory_runs": [
        4.8046875,
        3.06640625,
        2.86328125,
        2.8671875,
        3.046875
    ],
    "sorting_time_mean": 0.0063038825988769535,
    "sorting_time_std": 0.0005593967418233951,
    "sorting_time_min": 0.005537748336791992,
    "sorting_time_max": 0.00700068473815918,
    "sorting_time_runs": [
        0.006000995635986328,
        0.00700068473815918,
        0.006585359573364258,
        0.006394624710083008,
        0.005537748336791992
    ],
    "sorting_memory_mean": 5.74140625,
    "sorting_memory_std": 1.346476499015985,
    "sorting_memory_min": 4.66015625,
    "sorting_memory_max": 7.91796875,
    "sorting_memory_runs": [
        6.03125,
        4.66015625,
        7.91796875,
        4.66015625,
        5.4375
    ],
    "filtering_time_mean": 0.0017327308654785157,
    "filtering_time_std": 0.0006903409155060227,
    "filtering_time_min": 0.0009999275207519531,
    "filtering_time_max": 0.0024819374084472656,
    "filtering_time_runs": [
        0.0010004043579101562,
        0.0009999275207519531,
        0.0020029544830322266,
        0.0024819374084472656,
        0.0021784305572509766
    ],
    "filtering_memory_mean": 1.9890625,
    "filtering_memory_std": 1.0774503946945047,
    "filtering_memory_min": 0.4375,
    "filtering_memory_max": 2.8828125,
    "filtering_memory_runs": [
        0.4375,
        2.83203125,
        1.30078125,
        2.8828125,
        2.4921875
    ],
    "correlation_time_mean": 0.009105587005615234,
    "correlation_time_std": 0.0021510875336156355,
    "correlation_time_min": 0.007243633270263672,
    "correlation_time_max": 0.012772560119628906,
    "correlation_time_runs": [
        0.008511543273925781,
        0.012772560119628906,
        0.00799560546875,
        0.007243633270263672,
        0.009004592895507812
    ],
    "correlation_memory_mean": 0.3828125,
    "correlation_memory_std": 0.27068931467297525,
    "correlation_memory_min": 0.0,
    "correlation_memory_max": 0.57421875,
    "correlation_memory_runs": [
        0.57421875,
        0.57421875,
        0.0,
        0.57421875,
        0.19140625
    ]
}