{
    "memory_size_gb": 0.054016709327697754,
    "row_count": 1000000,
    "loading_time_seconds": 0.09550642967224121,
    "cleaning_time_seconds": 0.05173516273498535,
    "aggregation_time_seconds": 0.13059163093566895,
    "sorting_time_seconds": 0.06457734107971191,
    "filtering_time_seconds": 0.02363729476928711,
    "correlation_time_seconds": 0.15502309799194336,
    "average_filtered_value": 10977.787448157242,
    "total_operation_time_seconds": 0.5210709571838379
}