{
    "memory_size_gb": 1.4654367631301284,
    "row_count": 24585949,
    "average_filtered_value": 7524.304875386172,
    "total_operation_time_mean": 6.563254928588867,
    "loading_time_mean": 1.3692697525024413,
    "loading_time_std": 0.0727336255451879,
    "loading_time_min": 1.2925479412078857,
    "loading_time_max": 1.4646172523498535,
    "loading_time_runs": [
        1.4027719497680664,
        1.386230707168579,
        1.2925479412078857,
        1.3001809120178223,
        1.4646172523498535
    ],
    "loading_memory_mean": 777.4390625,
    "loading_memory_std": 23.75642462317225,
    "loading_memory_min": 752.72265625,
    "loading_memory_max": 812.875,
    "loading_memory_runs": [
        779.53515625,
        752.72265625,
        812.875,
        783.3671875,
        758.6953125
    ],
    "cleaning_time_mean": 0.009822845458984375,
    "cleaning_time_std": 0.0034752789460207214,
    "cleaning_time_min": 0.0065386295318603516,
    "cleaning_time_max": 0.015551090240478516,
    "cleaning_time_runs": [
        0.0065386295318603516,
        0.015551090240478516,
        0.007670879364013672,
        0.009814262390136719,
        0.009539365768432617
    ],
    "cleaning_memory_mean": -66.55859375,
    "cleaning_memory_std": 25.892654514365518,
    "cleaning_memory_min": -107.19921875,
    "cleaning_memory_max": -37.27734375,
    "cleaning_memory_runs": [
        -37.27734375,
        -107.19921875,
        -53.4765625,
        -67.56640625,
        -67.2734375
    ],
    "aggregation_time_mean": 1.909125852584839,
    "aggregation_time_std": 0.2912854820702282,
    "aggregation_time_min": 1.663295030593872,
    "aggregation_time_max": 2.398754358291626,
    "aggregation_time_runs": [
        2.398754358291626,
        1.7780678272247314,
        1.9413244724273682,
        1.663295030593872,
        1.7641875743865967
    ],
    "aggregation_memory_mean": -1107.54296875,
    "aggregation_memory_std": 130.6912730624172,
    "aggregation_memory_min": -1239.8515625,
    "aggregation_memory_max": -903.0703125,
    "aggregation_memory_runs": [
        -903.0703125,
        -1117.78515625,
        -1079.41015625,
        -1239.8515625,
        -1197.59765625
    ],
    "sorting_time_mean": 1.819884729385376,
    "sorting_time_std": 0.14618659552118957,
    "sorting_time_min": 1.6351544857025146,
    "sorting_time_max": 2.0199649333953857,
    "sorting_time_runs": [
        2.0199649333953857,
        1.8502116203308105,
        1.7286291122436523,
        1.8654634952545166,
        1.6351544857025146
    ],
    "sorting_memory_mean": -20.83359375,
    "sorting_memory_std": 23.33524938436627,
    "sorting_memory_min": -50.90234375,
    "sorting_memory_max": 13.296875,
    "sorting_memory_runs": [
        13.296875,
        -50.90234375,
        -17.3984375,
        -30.46484375,
        -18.69921875
    ],
    "filtering_time_mean": 0.10136666297912597,
    "filtering_time_std": 0.007855448816332211,
    "filtering_time_min": 0.0961451530456543,
    "filtering_time_max": 0.11473298072814941,
    "filtering_time_runs": [
        0.09653186798095703,
        0.11473298072814941,
        0.10216689109802246,
        0.09725642204284668,
        0.0961451530456543
    ],
    "filtering_memory_mean": 511.065625,
    "filtering_memory_std": 40.96064445569765,
    "filtering_memory_min": 463.0,
    "filtering_memory_max": 565.59765625,
    "filtering_memory_runs": [
        483.640625,
        536.6328125,
        506.45703125,
        565.59765625,
        463.0
    ],
    "correlation_time_mean": 1.3537850856781006,
    "correlation_time_std": 0.22295633686804509,
    "correlation_time_min": 1.133469581604004,
    "correlation_time_max": 1.6728367805480957,
    "correlation_time_runs": [
        1.6728367805480957,
        1.2814407348632812,
        1.4870870113372803,
        1.1940913200378418,
        1.133469581604004
    ],
    "correlation_memory_mean": -5.59765625,
    "correlation_memory_std": 2.997416337399099,
    "correlation_memory_min": -7.66015625,
    "correlation_memory_max": -0.30859375,
    "correlation_memory_runs": [
        -6.2734375,
        -7.66015625,
        -6.875,
        -0.30859375,
        -6.87109375
    ]
}