{
    "memory_size_gb": 0.021420419216156006,
    "row_count": 500000,
    "average_filtered_value": 75038.29452339467,
    "total_operation_time_mean": 0.346897029876709,
    "loading_time_mean": 0.054562854766845706,
    "loading_time_std": 0.004645877736715804,
    "loading_time_min": 0.051577091217041016,
    "loading_time_max": 0.06275033950805664,
    "loading_time_runs": [
        0.06275033950805664,
        0.053081512451171875,
        0.051905155181884766,
        0.05350017547607422,
        0.051577091217041016
    ],
    "loading_memory_mean": 20.72578125,
    "loading_memory_std": 19.360489541792365,
    "loading_memory_min": 5.9453125,
    "loading_memory_max": 52.30078125,
    "loading_memory_runs": [
        5.9453125,
        52.30078125,
        26.0,
        7.1875,
        12.1953125
    ],
    "cleaning_time_mean": 0.00880417823791504,
    "cleaning_time_std": 0.005808415109487544,
    "cleaning_time_min": 0.002015352249145508,
    "cleaning_time_max": 0.01498270034790039,
    "cleaning_time_runs": [
        0.01498270034790039,
        0.009017229080200195,
        0.002015352249145508,
        0.014030933380126953,
        0.0039746761322021484
    ],
    "cleaning_memory_mean": -2.371875,
    "cleaning_memory_std": 11.440853907054255,
    "cleaning_memory_min": -22.78515625,
    "cleaning_memory_max": 4.15234375,
    "cleaning_memory_runs": [
        4.15234375,
        2.296875,
        2.21875,
        2.2578125,
        -22.78515625
    ],
    "aggregation_time_mean": 0.17590875625610353,
    "aggregation_time_std": 0.020572674686688844,
    "aggregation_time_min": 0.15725922584533691,
    "aggregation_time_max": 0.2101738452911377,
    "aggregation_time_runs": [
        0.1732158660888672,
        0.2101738452911377,
        0.16311144828796387,
        0.17578339576721191,
        0.15725922584533691
    ],
    "aggregation_memory_mean": 15.1421875,
    "aggregation_memory_std": 3.864152652291941,
    "aggregation_memory_min": 8.984375,
    "aggregation_memory_max": 18.67578125,
    "aggregation_memory_runs": [
        15.31640625,
        18.67578125,
        14.59375,
        8.984375,
        18.140625
    ],
    "sorting_time_mean": 0.06772389411926269,
    "sorting_time_std": 0.0066076098801308505,
    "sorting_time_min": 0.05891680717468262,
    "sorting_time_max": 0.07691431045532227,
    "sorting_time_runs": [
        0.07691431045532227,
        0.06757473945617676,
        0.05891680717468262,
        0.0701131820678711,
        0.06510043144226074
    ],
    "sorting_memory_mean": 5.3484375,
    "sorting_memory_std": 9.518152822596246,
    "sorting_memory_min": -10.40625,
    "sorting_memory_max": 14.09375,
    "sorting_memory_runs": [
        8.0390625,
        -10.40625,
        4.2578125,
        10.7578125,
        14.09375
    ],
    "filtering_time_mean": 0.007974767684936523,
    "filtering_time_std": 0.0017020180581731853,
    "filtering_time_min": 0.005997419357299805,
    "filtering_time_max": 0.009527444839477539,
    "filtering_time_runs": [
        0.009527444839477539,
        0.009051084518432617,
        0.005997419357299805,
        0.006253242492675781,
        0.009044647216796875
    ],
    "filtering_memory_mean": 7.50859375,
    "filtering_memory_std": 4.225476047399682,
    "filtering_memory_min": 2.1171875,
    "filtering_memory_max": 11.359375,
    "filtering_memory_runs": [
        10.91796875,
        9.234375,
        3.9140625,
        2.1171875,
        11.359375
    ],
    "correlation_time_mean": 0.03192257881164551,
    "correlation_time_std": 0.00363484610552608,
    "correlation_time_min": 0.02897191047668457,
    "correlation_time_max": 0.037988901138305664,
    "correlation_time_runs": [
        0.037988901138305664,
        0.02897191047668457,
        0.029260635375976562,
        0.03141927719116211,
        0.03197216987609863
    ],
    "correlation_memory_mean": 0.00078125,
    "correlation_memory_std": 0.0017469281074217107,
    "correlation_memory_min": 0.0,
    "correlation_memory_max": 0.00390625,
    "correlation_memory_runs": [
        0.00390625,
        0.0,
        0.0,
        0.0,
        0.0
    ]
}