{
    "row_count": 113607322,
    "loading_time_seconds": 73.55535101890564,
    "cleaning_time_seconds": 0.09389400482177734,
    "aggregation_time_seconds": 0.14824700355529785,
    "sorting_time_seconds": 0.01669025421142578,
    "filtering_time_seconds": 5.440655946731567,
    "correlation_time_seconds": 56.73502016067505,
    "average_filtered_value": 245023.81619586213,
    "total_operation_time_seconds": 135.98985838890076
}