{
    "memory_size_gb": 0.012293580919504166,
    "row_count": 100000,
    "average_filtered_value": 74898.06119020957,
    "total_operation_time_mean": 0.12056779861450195,
    "loading_time_mean": 0.07326693534851074,
    "loading_time_std": 0.017025496008129987,
    "loading_time_min": 0.05660295486450195,
    "loading_time_max": 0.09785175323486328,
    "loading_time_runs": [
        0.09785175323486328,
        0.06062769889831543,
        0.0683293342590332,
        0.05660295486450195,
        0.08292293548583984
    ],
    "loading_memory_mean": 3.90078125,
    "loading_memory_std": 0.6440492989761877,
    "loading_memory_min": 2.921875,
    "loading_memory_max": 4.6875,
    "loading_memory_runs": [
        3.80078125,
        2.921875,
        3.92578125,
        4.6875,
        4.16796875
    ],
    "cleaning_time_mean": 0.006850624084472656,
    "cleaning_time_std": 0.0008680272792281122,
    "cleaning_time_min": 0.005979061126708984,
    "cleaning_time_max": 0.008005857467651367,
    "cleaning_time_runs": [
        0.007264614105224609,
        0.007004261016845703,
        0.005999326705932617,
        0.005979061126708984,
        0.008005857467651367
    ],
    "cleaning_memory_mean": 4.29765625,
    "cleaning_memory_std": 1.1172298396697242,
    "cleaning_memory_min": 2.4921875,
    "cleaning_memory_max": 5.28125,
    "cleaning_memory_runs": [
        5.171875,
        5.28125,
        4.2734375,
        4.26953125,
        2.4921875
    ],
    "aggregation_time_mean": 0.02548980712890625,
    "aggregation_time_std": 0.0040396466355655134,
    "aggregation_time_min": 0.02100205421447754,
    "aggregation_time_max": 0.030934572219848633,
    "aggregation_time_runs": [
        0.0279996395111084,
        0.025017499923706055,
        0.02100205421447754,
        0.022495269775390625,
        0.030934572219848633
    ],
    "aggregation_memory_mean": 1.6375,
    "aggregation_memory_std": 0.6852624721679414,
    "aggregation_memory_min": 1.3203125,
    "aggregation_memory_max": 2.86328125,
    "aggregation_memory_runs": [
        1.3359375,
        1.3203125,
        1.3359375,
        1.33203125,
        2.86328125
    ],
    "sorting_time_mean": 0.005831623077392578,
    "sorting_time_std": 0.0004844715275846955,
    "sorting_time_min": 0.004976034164428711,
    "sorting_time_max": 0.006179094314575195,
    "sorting_time_runs": [
        0.00600433349609375,
        0.004976034164428711,
        0.0060007572174072266,
        0.006179094314575195,
        0.005997896194458008
    ],
    "sorting_memory_mean": 5.43984375,
    "sorting_memory_std": 0.005240784322265132,
    "sorting_memory_min": 5.43359375,
    "sorting_memory_max": 5.4453125,
    "sorting_memory_runs": [
        5.4453125,
        5.4453125,
        5.4375,
        5.43359375,
        5.4375
    ],
    "filtering_time_mean": 0.0016406059265136718,
    "filtering_time_std": 0.0004965221149617931,
    "filtering_time_min": 0.0009996891021728516,
    "filtering_time_max": 0.002002239227294922,
    "filtering_time_runs": [
        0.0019989013671875,
        0.002002239227294922,
        0.001996755599975586,
        0.0012054443359375,
        0.0009996891021728516
    ],
    "filtering_memory_mean": 2.31015625,
    "filtering_memory_std": 0.3716751202589854,
    "filtering_memory_min": 2.11328125,
    "filtering_memory_max": 2.97265625,
    "filtering_memory_runs": [
        2.11328125,
        2.11328125,
        2.97265625,
        2.1796875,
        2.171875
    ],
    "correlation_time_mean": 0.0074882030487060545,
    "correlation_time_std": 0.0004964608054464442,
    "correlation_time_min": 0.0069963932037353516,
    "correlation_time_max": 0.008000373840332031,
    "correlation_time_runs": [
        0.007997751235961914,
        0.0069963932037353516,
        0.007021188735961914,
        0.0074253082275390625,
        0.008000373840332031
    ],
    "correlation_memory_mean": 0.57265625,
    "correlation_memory_std": 0.002139541240254555,
    "correlation_memory_min": 0.5703125,
    "correlation_memory_max": 0.57421875,
    "correlation_memory_runs": [
        0.5703125,
        0.57421875,
        0.57421875,
        0.57421875,
        0.5703125
    ]
}