{
    "memory_size_gb": 0.21886080503463745,
    "row_count": 5000000,
    "average_filtered_value": 7498.603640230923,
    "total_operation_time_mean": 3.8415348529815674,
    "loading_time_mean": 0.1936208724975586,
    "loading_time_std": 0.010442177436273382,
    "loading_time_min": 0.17756962776184082,
    "loading_time_max": 0.20374703407287598,
    "loading_time_runs": [
        0.20064163208007812,
        0.1966843605041504,
        0.20374703407287598,
        0.18946170806884766,
        0.17756962776184082
    ],
    "loading_memory_mean": -71.11953125,
    "loading_memory_std": 29.945974990837342,
    "loading_memory_min": -108.28515625,
    "loading_memory_max": -29.265625,
    "loading_memory_runs": [
        -29.265625,
        -78.875,
        -108.28515625,
        -55.63671875,
        -83.53515625
    ],
    "cleaning_time_mean": 0.033419132232666016,
    "cleaning_time_std": 0.009026474352402109,
    "cleaning_time_min": 0.0209195613861084,
    "cleaning_time_max": 0.0450289249420166,
    "cleaning_time_runs": [
        0.033098459243774414,
        0.03815031051635742,
        0.0209195613861084,
        0.0450289249420166,
        0.029898405075073242
    ],
    "cleaning_memory_mean": 4.0734375,
    "cleaning_memory_std": 13.276733319760663,
    "cleaning_memory_min": -13.046875,
    "cleaning_memory_max": 23.56640625,
    "cleaning_memory_runs": [
        23.56640625,
        -13.046875,
        2.1875,
        0.06640625,
        7.59375
    ],
    "aggregation_time_mean": 1.6527958869934083,
    "aggregation_time_std": 0.1769352807267347,
    "aggregation_time_min": 1.4659411907196045,
    "aggregation_time_max": 1.9457356929779053,
    "aggregation_time_runs": [
        1.6223230361938477,
        1.4659411907196045,
        1.9457356929779053,
        1.633814811706543,
        1.5961647033691406
    ],
    "aggregation_memory_mean": 97.8375,
    "aggregation_memory_std": 6.574035156007448,
    "aggregation_memory_min": 92.3671875,
    "aggregation_memory_max": 108.953125,
    "aggregation_memory_runs": [
        108.953125,
        92.3671875,
        98.25,
        94.1484375,
        95.46875
    ],
    "sorting_time_mean": 1.5758962631225586,
    "sorting_time_std": 0.41285526789159455,
    "sorting_time_min": 1.2974021434783936,
    "sorting_time_max": 2.293114423751831,
    "sorting_time_runs": [
        1.3625011444091797,
        1.2974021434783936,
        2.293114423751831,
        1.560476303100586,
        1.3659873008728027
    ],
    "sorting_memory_mean": 21.453125,
    "sorting_memory_std": 26.07857919415175,
    "sorting_memory_min": -13.6171875,
    "sorting_memory_max": 43.33203125,
    "sorting_memory_runs": [
        1.2109375,
        42.8125,
        33.52734375,
        43.33203125,
        -13.6171875
    ],
    "filtering_time_mean": 0.11426334381103516,
    "filtering_time_std": 0.022585499746595555,
    "filtering_time_min": 0.08188867568969727,
    "filtering_time_max": 0.13689732551574707,
    "filtering_time_runs": [
        0.1008443832397461,
        0.08188867568969727,
        0.12982749938964844,
        0.12185883522033691,
        0.13689732551574707
    ],
    "filtering_memory_mean": 16.18671875,
    "filtering_memory_std": 26.37062599107448,
    "filtering_memory_min": -13.17578125,
    "filtering_memory_max": 49.5859375,
    "filtering_memory_runs": [
        49.5859375,
        35.515625,
        13.375,
        -4.3671875,
        -13.17578125
    ],
    "correlation_time_mean": 0.27153935432434084,
    "correlation_time_std": 0.01665911687421327,
    "correlation_time_min": 0.25315237045288086,
    "correlation_time_max": 0.2947580814361572,
    "correlation_time_runs": [
        0.25315237045288086,
        0.25783848762512207,
        0.2742607593536377,
        0.2947580814361572,
        0.27768707275390625
    ],
    "correlation_memory_mean": 0.0,
    "correlation_memory_std": 0.0,
    "correlation_memory_min": 0.0,
    "correlation_memory_max": 0.0,
    "correlation_memory_runs": [
        0.0,
        0.0,
        0.0,
        0.0,
        0.0
    ]
}