{
    "memory_size_gb": 0.5960464477539062,
    "row_count": 10000000,
    "average_filtered_value": 7502.053136843133,
    "total_operation_time_mean": 2.5174283027648925,
    "loading_time_mean": 0.583593225479126,
    "loading_time_std": 0.08832629090604102,
    "loading_time_min": 0.4611504077911377,
    "loading_time_max": 0.7055127620697021,
    "loading_time_runs": [
        0.4611504077911377,
        0.5632872581481934,
        0.5750308036804199,
        0.6129848957061768,
        0.7055127620697021
    ],
    "loading_memory_mean": 300.86015625,
    "loading_memory_std": 36.24678766158032,
    "loading_memory_min": 259.8828125,
    "loading_memory_max": 353.31640625,
    "loading_memory_runs": [
        353.31640625,
        275.578125,
        259.8828125,
        314.47265625,
        301.05078125
    ],
    "cleaning_time_mean": 0.026444387435913087,
    "cleaning_time_std": 0.011029079578955332,
    "cleaning_time_min": 0.010632753372192383,
    "cleaning_time_max": 0.035781145095825195,
    "cleaning_time_runs": [
        0.019103527069091797,
        0.0331878662109375,
        0.010632753372192383,
        0.033516645431518555,
        0.035781145095825195
    ],
    "cleaning_memory_mean": -175.17734375,
    "cleaning_memory_std": 70.73889146276508,
    "cleaning_memory_min": -246.61328125,
    "cleaning_memory_max": -76.625,
    "cleaning_memory_runs": [
        -129.09375,
        -246.61328125,
        -76.625,
        -225.875,
        -197.6796875
    ],
    "aggregation_time_mean": 0.5616260528564453,
    "aggregation_time_std": 0.08238876324059108,
    "aggregation_time_min": 0.4707791805267334,
    "aggregation_time_max": 0.643733024597168,
    "aggregation_time_runs": [
        0.4707791805267334,
        0.5671968460083008,
        0.48536181449890137,
        0.641059398651123,
        0.643733024597168
    ],
    "aggregation_memory_mean": -420.3046875,
    "aggregation_memory_std": 47.86397901727062,
    "aggregation_memory_min": -462.640625,
    "aggregation_memory_max": -338.37890625,
    "aggregation_memory_runs": [
        -440.8828125,
        -435.078125,
        -462.640625,
        -338.37890625,
        -424.54296875
    ],
    "sorting_time_mean": 0.7374120235443116,
    "sorting_time_std": 0.122458606184433,
    "sorting_time_min": 0.6150076389312744,
    "sorting_time_max": 0.9236593246459961,
    "sorting_time_runs": [
        0.6150076389312744,
        0.7542059421539307,
        0.6388683319091797,
        0.7553188800811768,
        0.9236593246459961
    ],
    "sorting_memory_mean": 8.23359375,
    "sorting_memory_std": 6.49135096332817,
    "sorting_memory_min": 0.2421875,
    "sorting_memory_max": 16.3984375,
    "sorting_memory_runs": [
        8.60546875,
        0.2421875,
        16.3984375,
        12.3046875,
        3.6171875
    ],
    "filtering_time_mean": 0.05513067245483398,
    "filtering_time_std": 0.014437453768440713,
    "filtering_time_min": 0.046308279037475586,
    "filtering_time_max": 0.08070898056030273,
    "filtering_time_runs": [
        0.05083799362182617,
        0.047228336334228516,
        0.046308279037475586,
        0.050569772720336914,
        0.08070898056030273
    ],
    "filtering_memory_mean": 298.77421875,
    "filtering_memory_std": 14.531282132020927,
    "filtering_memory_min": 288.66796875,
    "filtering_memory_max": 324.16796875,
    "filtering_memory_runs": [
        296.20703125,
        324.16796875,
        290.16015625,
        288.66796875,
        294.66796875
    ],
    "correlation_time_mean": 0.5532219409942627,
    "correlation_time_std": 0.035593979502417925,
    "correlation_time_min": 0.5079352855682373,
    "correlation_time_max": 0.6062674522399902,
    "correlation_time_runs": [
        0.5616734027862549,
        0.5447976589202881,
        0.5079352855682373,
        0.545435905456543,
        0.6062674522399902
    ],
    "correlation_memory_mean": 21.58359375,
    "correlation_memory_std": 40.260674865342146,
    "correlation_memory_min": -1.91015625,
    "correlation_memory_max": 92.109375,
    "correlation_memory_runs": [
        92.109375,
        18.02734375,
        -0.40625,
        -1.91015625,
        0.09765625
    ]
}