{
    "memory_size_gb": 0.6193296350538731,
    "row_count": 5000000,
    "average_filtered_value": 7498.603640230923,
    "total_operation_time_mean": 7.474458980560303,
    "loading_time_mean": 4.733338165283203,
    "loading_time_std": 0.2667789967898641,
    "loading_time_min": 4.4493408203125,
    "loading_time_max": 5.165964603424072,
    "loading_time_runs": [
        4.7451560497283936,
        5.165964603424072,
        4.4493408203125,
        4.609224319458008,
        4.697005033493042
    ],
    "loading_memory_mean": 275.1328125,
    "loading_memory_std": 21.78306241478695,
    "loading_memory_min": 253.453125,
    "loading_memory_max": 308.21875,
    "loading_memory_runs": [
        308.21875,
        284.23828125,
        269.3515625,
        260.40234375,
        253.453125
    ],
    "cleaning_time_mean": 0.4501455783843994,
    "cleaning_time_std": 0.07168478503915933,
    "cleaning_time_min": 0.3768017292022705,
    "cleaning_time_max": 0.5698950290679932,
    "cleaning_time_runs": [
        0.42615699768066406,
        0.4368312358856201,
        0.3768017292022705,
        0.4410429000854492,
        0.5698950290679932
    ],
    "cleaning_memory_mean": 190.7421875,
    "cleaning_memory_std": 0.0,
    "cleaning_memory_min": 190.7421875,
    "cleaning_memory_max": 190.7421875,
    "cleaning_memory_runs": [
        190.7421875,
        190.7421875,
        190.7421875,
        190.7421875,
        190.7421875
    ],
    "aggregation_time_mean": 0.6186716079711914,
    "aggregation_time_std": 0.03439426711027709,
    "aggregation_time_min": 0.5871458053588867,
    "aggregation_time_max": 0.672443151473999,
    "aggregation_time_runs": [
        0.5913326740264893,
        0.5871458053588867,
        0.6146523952484131,
        0.627784013748169,
        0.672443151473999
    ],
    "aggregation_memory_mean": 0.58828125,
    "aggregation_memory_std": 0.1435673091815299,
    "aggregation_memory_min": 0.49609375,
    "aggregation_memory_max": 0.83203125,
    "aggregation_memory_runs": [
        0.49609375,
        0.83203125,
        0.60546875,
        0.50390625,
        0.50390625
    ],
    "sorting_time_mean": 0.9986114501953125,
    "sorting_time_std": 0.0677259050004011,
    "sorting_time_min": 0.952888011932373,
    "sorting_time_max": 1.1178035736083984,
    "sorting_time_runs": [
        0.952888011932373,
        0.9804337024688721,
        1.1178035736083984,
        0.9807338714599609,
        0.961198091506958
    ],
    "sorting_memory_mean": 228.8984375,
    "sorting_memory_std": 0.017469281074217108,
    "sorting_memory_min": 228.890625,
    "sorting_memory_max": 228.9296875,
    "sorting_memory_runs": [
        228.890625,
        228.890625,
        228.9296875,
        228.890625,
        228.890625
    ],
    "filtering_time_mean": 0.10014452934265136,
    "filtering_time_std": 0.00922856288845251,
    "filtering_time_min": 0.09216928482055664,
    "filtering_time_max": 0.1155555248260498,
    "filtering_time_runs": [
        0.09216928482055664,
        0.09808993339538574,
        0.1155555248260498,
        0.09422421455383301,
        0.10068368911743164
    ],
    "filtering_memory_mean": 114.4609375,
    "filtering_memory_std": 0.0,
    "filtering_memory_min": 114.4609375,
    "filtering_memory_max": 114.4609375,
    "filtering_memory_runs": [
        114.4609375,
        114.4609375,
        114.4609375,
        114.4609375,
        114.4609375
    ],
    "correlation_time_mean": 0.573547649383545,
    "correlation_time_std": 0.055872519150677195,
    "correlation_time_min": 0.5075187683105469,
    "correlation_time_max": 0.6319959163665771,
    "correlation_time_runs": [
        0.5075187683105469,
        0.6319959163665771,
        0.6259660720825195,
        0.5292422771453857,
        0.5730152130126953
    ],
    "correlation_memory_mean": 0.0,
    "correlation_memory_std": 0.0,
    "correlation_memory_min": 0.0,
    "correlation_memory_max": 0.0,
    "correlation_memory_runs": [
        0.0,
        0.0,
        0.0,
        0.0,
        0.0
    ]
}