{
    "row_count": 113607322,
    "memory_size_gb": 5.819282774860639,
    "loading_time_seconds": 30.55251407623291,
    "cleaning_time_seconds": 0.00021791458129882812,
    "aggregation_time_seconds": 0.02188706398010254,
    "sorting_time_seconds": 7.414817810058594e-05,
    "filtering_time_seconds": 54.28313493728638,
    "correlation_time_seconds": 62.19968795776367,
    "average_filtered_value": 245023.81619586213,
    "total_operation_time_seconds": 147.05751609802246
}