{
    "memory_size_gb": 6.77152407169342,
    "row_count": 113607322,
    "loading_time_seconds": 7.7669126987457275,
    "cleaning_time_seconds": 0.012517929077148438,
    "aggregation_time_seconds": 5.48484992980957,
    "sorting_time_seconds": 7.418088912963867,
    "filtering_time_seconds": 0.604935884475708,
    "correlation_time_seconds": 10.308195114135742,
    "average_filtered_value": 245023.81619586213,
    "total_operation_time_seconds": 31.595500469207764
}