{
    "row_count": 10000000,
    "memory_size_gb": 0.47497475892000496,
    "average_filtered_value": 7502.053136843133,
    "total_operation_time_mean": 27.665005111694335,
    "loading_time_mean": 7.667967510223389,
    "loading_time_std": 0.7353365961425616,
    "loading_time_min": 7.184635162353516,
    "loading_time_max": 8.972345113754272,
    "loading_time_runs": [
        8.972345113754272,
        7.412745952606201,
        7.348639488220215,
        7.184635162353516,
        7.421471834182739
    ],
    "loading_memory_mean": 14.33984375,
    "loading_memory_std": 146.16846474237883,
    "loading_memory_min": -219.38671875,
    "loading_memory_max": 135.10546875,
    "loading_memory_runs": [
        -20.625,
        -219.38671875,
        43.109375,
        135.10546875,
        133.49609375
    ],
    "cleaning_time_mean": 0.0008000850677490235,
    "cleaning_time_std": 0.000447289693028058,
    "cleaning_time_min": 0.0,
    "cleaning_time_max": 0.0010042190551757812,
    "cleaning_time_runs": [
        0.0010035037994384766,
        0.0009915828704833984,
        0.0010042190551757812,
        0.0,
        0.001001119613647461
    ],
    "cleaning_memory_mean": -1.2,
    "cleaning_memory_std": 1.3038404810405297,
    "cleaning_memory_min": -3.0,
    "cleaning_memory_max": 0.0,
    "cleaning_memory_runs": [
        -2.0,
        -3.0,
        -1.0,
        0.0,
        0.0
    ],
    "aggregation_time_mean": 0.0064198017120361325,
    "aggregation_time_std": 0.0008049115149507375,
    "aggregation_time_min": 0.00551295280456543,
    "aggregation_time_max": 0.0076563358306884766,
    "aggregation_time_runs": [
        0.0076563358306884766,
        0.006478786468505859,
        0.00551295280456543,
        0.005941629409790039,
        0.006509304046630859
    ],
    "aggregation_memory_mean": -8.0,
    "aggregation_memory_std": 1.5811388300841898,
    "aggregation_memory_min": -10.0,
    "aggregation_memory_max": -6.0,
    "aggregation_memory_runs": [
        -9.0,
        -10.0,
        -8.0,
        -6.0,
        -7.0
    ],
    "sorting_time_mean": 0.0003189563751220703,
    "sorting_time_std": 0.000713208136629872,
    "sorting_time_min": 0.0,
    "sorting_time_max": 0.0015947818756103516,
    "sorting_time_runs": [
        0.0015947818756103516,
        0.0,
        0.0,
        0.0,
        0.0
    ],
    "sorting_memory_mean": 0.0,
    "sorting_memory_std": 0.0,
    "sorting_memory_min": 0.0,
    "sorting_memory_max": 0.0,
    "sorting_memory_runs": [
        0.0,
        0.0,
        0.0,
        0.0,
        0.0
    ],
    "filtering_time_mean": 8.54490909576416,
    "filtering_time_std": 0.5978788693479845,
    "filtering_time_min": 8.154905557632446,
    "filtering_time_max": 9.560993432998657,
    "filtering_time_runs": [
        9.560993432998657,
        8.200285911560059,
        8.154905557632446,
        8.195695161819458,
        8.61266541481018
    ],
    "filtering_memory_mean": 64.02421875,
    "filtering_memory_std": 101.73243330794448,
    "filtering_memory_min": 1.51171875,
    "filtering_memory_max": 244.33984375,
    "filtering_memory_runs": [
        39.9296875,
        244.33984375,
        15.5546875,
        18.78515625,
        1.51171875
    ],
    "correlation_time_mean": 11.44458966255188,
    "correlation_time_std": 1.4479070041557573,
    "correlation_time_min": 10.663031816482544,
    "correlation_time_max": 14.027337789535522,
    "correlation_time_runs": [
        14.027337789535522,
        10.775000810623169,
        10.790165901184082,
        10.663031816482544,
        10.967411994934082
    ],
    "correlation_memory_mean": 13.0296875,
    "correlation_memory_std": 6.495078116072717,
    "correlation_memory_min": 6.6953125,
    "correlation_memory_max": 22.6328125,
    "correlation_memory_runs": [
        6.6953125,
        22.6328125,
        14.99609375,
        7.34375,
        13.48046875
    ]
}