{
    "memory_size_gb": 1.2386591471731663,
    "row_count": 10000000,
    "average_filtered_value": 7502.053136843133,
    "total_operation_time_mean": 13.119857358932496,
    "loading_time_mean": 7.978163194656372,
    "loading_time_std": 0.7595984575921965,
    "loading_time_min": 7.423370122909546,
    "loading_time_max": 9.227248430252075,
    "loading_time_runs": [
        7.611894130706787,
        7.45918869972229,
        8.169114589691162,
        9.227248430252075,
        7.423370122909546
    ],
    "loading_memory_mean": 558.48125,
    "loading_memory_std": 26.12260833451994,
    "loading_memory_min": 528.4765625,
    "loading_memory_max": 596.4765625,
    "loading_memory_runs": [
        596.4765625,
        569.48046875,
        555.48046875,
        542.4921875,
        528.4765625
    ],
    "cleaning_time_mean": 0.7622435569763184,
    "cleaning_time_std": 0.05337791854328935,
    "cleaning_time_min": 0.7009382247924805,
    "cleaning_time_max": 0.8371496200561523,
    "cleaning_time_runs": [
        0.8371496200561523,
        0.72257399559021,
        0.7828304767608643,
        0.7677254676818848,
        0.7009382247924805
    ],
    "cleaning_memory_mean": 381.4765625,
    "cleaning_memory_std": 0.0,
    "cleaning_memory_min": 381.4765625,
    "cleaning_memory_max": 381.4765625,
    "cleaning_memory_runs": [
        381.4765625,
        381.4765625,
        381.4765625,
        381.4765625,
        381.4765625
    ],
    "aggregation_time_mean": 1.071555233001709,
    "aggregation_time_std": 0.10454186148534503,
    "aggregation_time_min": 0.9904911518096924,
    "aggregation_time_max": 1.2390270233154297,
    "aggregation_time_runs": [
        1.0259807109832764,
        0.9904911518096924,
        1.1067583560943604,
        1.2390270233154297,
        0.9955189228057861
    ],
    "aggregation_memory_mean": 0.0,
    "aggregation_memory_std": 0.0,
    "aggregation_memory_min": 0.0,
    "aggregation_memory_max": 0.0,
    "aggregation_memory_runs": [
        0.0,
        0.0,
        0.0,
        0.0,
        0.0
    ],
    "sorting_time_mean": 1.975578784942627,
    "sorting_time_std": 0.13284329288999347,
    "sorting_time_min": 1.8436365127563477,
    "sorting_time_max": 2.1503279209136963,
    "sorting_time_runs": [
        1.8957290649414062,
        1.9058356285095215,
        2.1503279209136963,
        2.082364797592163,
        1.8436365127563477
    ],
    "sorting_memory_mean": 457.7734375,
    "sorting_memory_std": 0.0,
    "sorting_memory_min": 457.7734375,
    "sorting_memory_max": 457.7734375,
    "sorting_memory_runs": [
        457.7734375,
        457.7734375,
        457.7734375,
        457.7734375,
        457.7734375
    ],
    "filtering_time_mean": 0.1890420436859131,
    "filtering_time_std": 0.0025681777999597656,
    "filtering_time_min": 0.18528985977172852,
    "filtering_time_max": 0.19230246543884277,
    "filtering_time_runs": [
        0.19000458717346191,
        0.18937039375305176,
        0.19230246543884277,
        0.18528985977172852,
        0.18824291229248047
    ],
    "filtering_memory_mean": 228.86328125,
    "filtering_memory_std": 0.0,
    "filtering_memory_min": 228.86328125,
    "filtering_memory_max": 228.86328125,
    "filtering_memory_runs": [
        228.86328125,
        228.86328125,
        228.86328125,
        228.86328125,
        228.86328125
    ],
    "correlation_time_mean": 1.1432745456695557,
    "correlation_time_std": 0.09379423577715604,
    "correlation_time_min": 1.0577728748321533,
    "correlation_time_max": 1.288938283920288,
    "correlation_time_runs": [
        1.1834840774536133,
        1.0912261009216309,
        1.0949513912200928,
        1.288938283920288,
        1.0577728748321533
    ],
    "correlation_memory_mean": 0.0,
    "correlation_memory_std": 0.0,
    "correlation_memory_min": 0.0,
    "correlation_memory_max": 0.0,
    "correlation_memory_runs": [
        0.0,
        0.0,
        0.0,
        0.0,
        0.0
    ]
}