{
    "memory_size_gb": 0.2980232238769531,
    "row_count": 5000000,
    "average_filtered_value": 7498.603640230923,
    "total_operation_time_mean": 1.2405630588531493,
    "loading_time_mean": 0.247275972366333,
    "loading_time_std": 0.01915552845429009,
    "loading_time_min": 0.23192310333251953,
    "loading_time_max": 0.2699143886566162,
    "loading_time_runs": [
        0.2322702407836914,
        0.2699143886566162,
        0.2663767337799072,
        0.23589539527893066,
        0.23192310333251953
    ],
    "loading_memory_mean": 175.27109375,
    "loading_memory_std": 54.44295719442259,
    "loading_memory_min": 127.03515625,
    "loading_memory_max": 258.68359375,
    "loading_memory_runs": [
        258.68359375,
        199.1484375,
        127.03515625,
        157.1015625,
        134.38671875
    ],
    "cleaning_time_mean": 0.008036661148071288,
    "cleaning_time_std": 0.004281495241113467,
    "cleaning_time_min": 0.004008769989013672,
    "cleaning_time_max": 0.012747764587402344,
    "cleaning_time_runs": [
        0.004008769989013672,
        0.005824565887451172,
        0.012598752975463867,
        0.012747764587402344,
        0.005003452301025391
    ],
    "cleaning_memory_mean": -47.075,
    "cleaning_memory_std": 30.30088591838471,
    "cleaning_memory_min": -85.640625,
    "cleaning_memory_max": -18.2421875,
    "cleaning_memory_runs": [
        -18.2421875,
        -28.3125,
        -85.640625,
        -73.51171875,
        -29.66796875
    ],
    "aggregation_time_mean": 0.2864524841308594,
    "aggregation_time_std": 0.06455374486876282,
    "aggregation_time_min": 0.230668306350708,
    "aggregation_time_max": 0.3687751293182373,
    "aggregation_time_runs": [
        0.3687751293182373,
        0.230668306350708,
        0.3436622619628906,
        0.24451303482055664,
        0.2446436882019043
    ],
    "aggregation_memory_mean": -51.396875,
    "aggregation_memory_std": 155.55676885755355,
    "aggregation_memory_min": -164.07421875,
    "aggregation_memory_max": 223.03515625,
    "aggregation_memory_runs": [
        223.03515625,
        -102.90234375,
        -101.41015625,
        -111.6328125,
        -164.07421875
    ],
    "sorting_time_mean": 0.35996174812316895,
    "sorting_time_std": 0.036446391875995014,
    "sorting_time_min": 0.3287959098815918,
    "sorting_time_max": 0.4196653366088867,
    "sorting_time_runs": [
        0.4196653366088867,
        0.3444690704345703,
        0.36847949028015137,
        0.33839893341064453,
        0.3287959098815918
    ],
    "sorting_memory_mean": 121.66328125,
    "sorting_memory_std": 168.04148657679002,
    "sorting_memory_min": -0.24609375,
    "sorting_memory_max": 347.37890625,
    "sorting_memory_runs": [
        257.44140625,
        347.37890625,
        3.64453125,
        -0.24609375,
        0.09765625
    ],
    "filtering_time_mean": 0.041220808029174806,
    "filtering_time_std": 0.009197807084089429,
    "filtering_time_min": 0.027601957321166992,
    "filtering_time_max": 0.048471689224243164,
    "filtering_time_runs": [
        0.048471689224243164,
        0.04690289497375488,
        0.027601957321166992,
        0.04738736152648926,
        0.03574013710021973
    ],
    "filtering_memory_mean": 45.42421875,
    "filtering_memory_std": 38.80847221766325,
    "filtering_memory_min": 1.29296875,
    "filtering_memory_max": 91.01953125,
    "filtering_memory_runs": [
        57.57421875,
        1.29296875,
        91.01953125,
        8.97265625,
        68.26171875
    ],
    "correlation_time_mean": 0.29761538505554197,
    "correlation_time_std": 0.030188219929000996,
    "correlation_time_min": 0.2662065029144287,
    "correlation_time_max": 0.3331029415130615,
    "correlation_time_runs": [
        0.3331029415130615,
        0.3223142623901367,
        0.2695276737213135,
        0.2662065029144287,
        0.29692554473876953
    ],
    "correlation_memory_mean": 0.096875,
    "correlation_memory_std": 0.05676844413932797,
    "correlation_memory_min": 0.0390625,
    "correlation_memory_max": 0.19140625,
    "correlation_memory_runs": [
        0.19140625,
        0.0390625,
        0.07421875,
        0.08984375,
        0.08984375
    ]
}