{
    "memory_size_gb": 0.5960464477539062,
    "row_count": 10000000,
    "average_filtered_value": 7502.053136843133,
    "total_operation_time_mean": 3.0132503509521484,
    "loading_time_mean": 0.7049843788146972,
    "loading_time_std": 0.04578521075927771,
    "loading_time_min": 0.6489737033843994,
    "loading_time_max": 0.756781816482544,
    "loading_time_runs": [
        0.6670324802398682,
        0.7369222640991211,
        0.7152116298675537,
        0.756781816482544,
        0.6489737033843994
    ],
    "loading_memory_mean": 294.5359375,
    "loading_memory_std": 25.018191074567216,
    "loading_memory_min": 269.48046875,
    "loading_memory_max": 329.07421875,
    "loading_memory_runs": [
        271.82421875,
        307.4609375,
        329.07421875,
        294.83984375,
        269.48046875
    ],
    "cleaning_time_mean": 0.020196819305419923,
    "cleaning_time_std": 0.0035234356572670677,
    "cleaning_time_min": 0.014524459838867188,
    "cleaning_time_max": 0.02322220802307129,
    "cleaning_time_runs": [
        0.02322220802307129,
        0.023042917251586914,
        0.019773483276367188,
        0.014524459838867188,
        0.02042102813720703
    ],
    "cleaning_memory_mean": -118.95625,
    "cleaning_memory_std": 20.676517653202232,
    "cleaning_memory_min": -139.8828125,
    "cleaning_memory_max": -95.1171875,
    "cleaning_memory_runs": [
        -139.8828125,
        -127.87109375,
        -133.3671875,
        -95.1171875,
        -98.54296875
    ],
    "aggregation_time_mean": 0.6208747863769531,
    "aggregation_time_std": 0.025803647317946547,
    "aggregation_time_min": 0.5983047485351562,
    "aggregation_time_max": 0.6549906730651855,
    "aggregation_time_runs": [
        0.5983047485351562,
        0.6413319110870361,
        0.6103241443634033,
        0.6549906730651855,
        0.5994224548339844
    ],
    "aggregation_memory_mean": -496.70234375,
    "aggregation_memory_std": 33.767947182157414,
    "aggregation_memory_min": -547.1875,
    "aggregation_memory_max": -466.84765625,
    "aggregation_memory_runs": [
        -514.9921875,
        -473.42578125,
        -547.1875,
        -481.05859375,
        -466.84765625
    ],
    "sorting_time_mean": 0.8920564651489258,
    "sorting_time_std": 0.05998040023738208,
    "sorting_time_min": 0.7858972549438477,
    "sorting_time_max": 0.930884838104248,
    "sorting_time_runs": [
        0.9205844402313232,
        0.9066362380981445,
        0.9162795543670654,
        0.930884838104248,
        0.7858972549438477
    ],
    "sorting_memory_mean": -1.51328125,
    "sorting_memory_std": 22.875148184874792,
    "sorting_memory_min": -40.0390625,
    "sorting_memory_max": 18.93359375,
    "sorting_memory_runs": [
        18.93359375,
        -40.0390625,
        -2.15234375,
        10.6015625,
        5.08984375
    ],
    "filtering_time_mean": 0.06043376922607422,
    "filtering_time_std": 0.004597354176408873,
    "filtering_time_min": 0.054686546325683594,
    "filtering_time_max": 0.0673227310180664,
    "filtering_time_runs": [
        0.054686546325683594,
        0.05913424491882324,
        0.05942797660827637,
        0.0673227310180664,
        0.061597347259521484
    ],
    "filtering_memory_mean": 297.05234375,
    "filtering_memory_std": 13.353015436231413,
    "filtering_memory_min": 284.05078125,
    "filtering_memory_max": 312.03125,
    "filtering_memory_runs": [
        310.3984375,
        312.03125,
        292.875,
        284.05078125,
        285.90625
    ],
    "correlation_time_mean": 0.7147041320800781,
    "correlation_time_std": 0.08536183112995434,
    "correlation_time_min": 0.5888993740081787,
    "correlation_time_max": 0.8217384815216064,
    "correlation_time_runs": [
        0.8217384815216064,
        0.7517189979553223,
        0.6927981376647949,
        0.5888993740081787,
        0.7183656692504883
    ],
    "correlation_memory_mean": 21.80390625,
    "correlation_memory_std": 42.41345517055165,
    "correlation_memory_min": -2.35546875,
    "correlation_memory_max": 96.01953125,
    "correlation_memory_runs": [
        18.50390625,
        -1.6328125,
        -2.35546875,
        96.01953125,
        -1.515625
    ]
}