{
    "memory_size_gb": 0.06146728992462158,
    "row_count": 1000000,
    "loading_time_seconds": 0.2804713249206543,
    "cleaning_time_seconds": 0.002110719680786133,
    "aggregation_time_seconds": 4.734090566635132,
    "sorting_time_seconds": 0.8856854438781738,
    "filtering_time_seconds": 0.10507035255432129,
    "correlation_time_seconds": 0.9125537872314453,
    "total_operation_time_seconds": 6.919982194900513
}