{
    "row_count": 5000000,
    "memory_size_gb": 0.23748737946152687,
    "average_filtered_value": 7498.603640230923,
    "total_operation_time_mean": 18.67836198806763,
    "loading_time_mean": 6.4479881763458256,
    "loading_time_std": 0.5405153465080509,
    "loading_time_min": 5.67020845413208,
    "loading_time_max": 6.946312665939331,
    "loading_time_runs": [
        6.1250200271606445,
        6.8708415031433105,
        6.946312665939331,
        6.62755823135376,
        5.67020845413208
    ],
    "loading_memory_mean": 29.20078125,
    "loading_memory_std": 58.22057962373471,
    "loading_memory_min": 0.5703125,
    "loading_memory_max": 133.296875,
    "loading_memory_runs": [
        3.765625,
        2.70703125,
        5.6640625,
        0.5703125,
        133.296875
    ],
    "cleaning_time_mean": 0.0003437042236328125,
    "cleaning_time_std": 0.0005312705758932541,
    "cleaning_time_min": 0.0,
    "cleaning_time_max": 0.0012078285217285156,
    "cleaning_time_runs": [
        0.0012078285217285156,
        0.0,
        0.0005106925964355469,
        0.0,
        0.0
    ],
    "cleaning_memory_mean": 0.0,
    "cleaning_memory_std": 0.0,
    "cleaning_memory_min": 0.0,
    "cleaning_memory_max": 0.0,
    "cleaning_memory_runs": [
        0.0,
        0.0,
        0.0,
        0.0,
        0.0
    ],
    "aggregation_time_mean": 0.007962608337402343,
    "aggregation_time_std": 0.005396292966920027,
    "aggregation_time_min": 0.004715681076049805,
    "aggregation_time_max": 0.01757025718688965,
    "aggregation_time_runs": [
        0.004715681076049805,
        0.006011247634887695,
        0.01757025718688965,
        0.005532741546630859,
        0.005983114242553711
    ],
    "aggregation_memory_mean": -1.0,
    "aggregation_memory_std": 0.7071067811865476,
    "aggregation_memory_min": -2.0,
    "aggregation_memory_max": 0.0,
    "aggregation_memory_runs": [
        -1.0,
        -1.0,
        -1.0,
        -2.0,
        0.0
    ],
    "sorting_time_mean": 0.00039038658142089846,
    "sorting_time_std": 0.0005345869208729208,
    "sorting_time_min": 0.0,
    "sorting_time_max": 0.0009837150573730469,
    "sorting_time_runs": [
        0.0009682178497314453,
        0.0009837150573730469,
        0.0,
        0.0,
        0.0
    ],
    "sorting_memory_mean": 0.0,
    "sorting_memory_std": 0.0,
    "sorting_memory_min": 0.0,
    "sorting_memory_max": 0.0,
    "sorting_memory_runs": [
        0.0,
        0.0,
        0.0,
        0.0,
        0.0
    ],
    "filtering_time_mean": 5.799389982223511,
    "filtering_time_std": 0.560601351569574,
    "filtering_time_min": 5.132224798202515,
    "filtering_time_max": 6.419466257095337,
    "filtering_time_runs": [
        5.384984970092773,
        5.756941318511963,
        6.419466257095337,
        6.303332567214966,
        5.132224798202515
    ],
    "filtering_memory_mean": 20.653125,
    "filtering_memory_std": 31.40415656405234,
    "filtering_memory_min": 0.22265625,
    "filtering_memory_max": 75.6640625,
    "filtering_memory_runs": [
        0.22265625,
        75.6640625,
        16.9375,
        7.58203125,
        2.859375
    ],
    "correlation_time_mean": 6.422287130355835,
    "correlation_time_std": 0.3260438655045152,
    "correlation_time_min": 6.047749996185303,
    "correlation_time_max": 6.905126571655273,
    "correlation_time_runs": [
        6.348011016845703,
        6.556453704833984,
        6.905126571655273,
        6.254094362258911,
        6.047749996185303
    ],
    "correlation_memory_mean": 3.24140625,
    "correlation_memory_std": 3.5625625337165134,
    "correlation_memory_min": -1.12890625,
    "correlation_memory_max": 6.37890625,
    "correlation_memory_runs": [
        -1.12890625,
        5.12890625,
        -0.08984375,
        6.37890625,
        5.91796875
    ]
}