{
    "memory_size_gb": 0.2980232238769531,
    "row_count": 5000000,
    "average_filtered_value": 7498.603640230923,
    "total_operation_time_mean": 1.636604642868042,
    "loading_time_mean": 0.36690945625305177,
    "loading_time_std": 0.05727838742560426,
    "loading_time_min": 0.30449509620666504,
    "loading_time_max": 0.441378116607666,
    "loading_time_runs": [
        0.441378116607666,
        0.3957083225250244,
        0.3782496452331543,
        0.314716100692749,
        0.30449509620666504
    ],
    "loading_memory_mean": 169.328125,
    "loading_memory_std": 34.18632134283486,
    "loading_memory_min": 116.3671875,
    "loading_memory_max": 194.890625,
    "loading_memory_runs": [
        189.1953125,
        193.01171875,
        194.890625,
        116.3671875,
        153.17578125
    ],
    "cleaning_time_mean": 0.005222225189208984,
    "cleaning_time_std": 0.0018428766114832308,
    "cleaning_time_min": 0.003473043441772461,
    "cleaning_time_max": 0.008048057556152344,
    "cleaning_time_runs": [
        0.006029844284057617,
        0.004517078399658203,
        0.008048057556152344,
        0.004043102264404297,
        0.003473043441772461
    ],
    "cleaning_memory_mean": -23.63125,
    "cleaning_memory_std": 16.271895133266664,
    "cleaning_memory_min": -52.40234375,
    "cleaning_memory_max": -13.1796875,
    "cleaning_memory_runs": [
        -13.1796875,
        -15.1171875,
        -52.40234375,
        -19.6015625,
        -17.85546875
    ],
    "aggregation_time_mean": 0.3100300312042236,
    "aggregation_time_std": 0.014539898347177073,
    "aggregation_time_min": 0.29397058486938477,
    "aggregation_time_max": 0.3254973888397217,
    "aggregation_time_runs": [
        0.3254973888397217,
        0.3071601390838623,
        0.29883313179016113,
        0.3246889114379883,
        0.29397058486938477
    ],
    "aggregation_memory_mean": -109.97109375,
    "aggregation_memory_std": 112.22408791161001,
    "aggregation_memory_min": -216.796875,
    "aggregation_memory_max": 79.8203125,
    "aggregation_memory_runs": [
        79.8203125,
        -157.29296875,
        -133.703125,
        -216.796875,
        -121.8828125
    ],
    "sorting_time_mean": 0.44217696189880373,
    "sorting_time_std": 0.028789491498710244,
    "sorting_time_min": 0.4175689220428467,
    "sorting_time_max": 0.49169421195983887,
    "sorting_time_runs": [
        0.49169421195983887,
        0.439288854598999,
        0.43303990364074707,
        0.4292929172515869,
        0.4175689220428467
    ],
    "sorting_memory_mean": 58.9578125,
    "sorting_memory_std": 133.19622202490032,
    "sorting_memory_min": -50.359375,
    "sorting_memory_max": 211.0390625,
    "sorting_memory_runs": [
        198.01953125,
        211.0390625,
        -50.359375,
        -28.99609375,
        -34.9140625
    ],
    "filtering_time_mean": 0.04547252655029297,
    "filtering_time_std": 0.005100300237458588,
    "filtering_time_min": 0.03950905799865723,
    "filtering_time_max": 0.05174422264099121,
    "filtering_time_runs": [
        0.05174422264099121,
        0.049761295318603516,
        0.043486595153808594,
        0.0428614616394043,
        0.03950905799865723
    ],
    "filtering_memory_mean": 83.75234375,
    "filtering_memory_std": 36.1174623855603,
    "filtering_memory_min": 44.9375,
    "filtering_memory_max": 127.12109375,
    "filtering_memory_runs": [
        56.22265625,
        44.9375,
        115.34765625,
        127.12109375,
        75.1328125
    ],
    "correlation_time_mean": 0.46679344177246096,
    "correlation_time_std": 0.07101958980741979,
    "correlation_time_min": 0.4064197540283203,
    "correlation_time_max": 0.5534229278564453,
    "correlation_time_runs": [
        0.5534229278564453,
        0.5346143245697021,
        0.4064197540283203,
        0.4203007221221924,
        0.41920948028564453
    ],
    "correlation_memory_mean": 30.0203125,
    "correlation_memory_std": 67.40524334533876,
    "correlation_memory_min": -0.5390625,
    "correlation_memory_max": 150.59765625,
    "correlation_memory_runs": [
        150.59765625,
        0.12109375,
        -0.05859375,
        -0.5390625,
        -0.01953125
    ]
}