{
    "memory_size_gb": 5.396058244630694,
    "row_count": 113607322,
    "loading_time_seconds": 3.3963558673858643,
    "cleaning_time_seconds": 1.036998987197876,
    "aggregation_time_seconds": 15.089845895767212,
    "sorting_time_seconds": 26.47892999649048,
    "filtering_time_seconds": 1.826611042022705,
    "correlation_time_seconds": 11.360119104385376,
    "average_filtered_value": 245023.81619586213,
    "total_operation_time_seconds": 59.18886089324951
}