{
    "memory_size_gb": 0.06146741285920143,
    "row_count": 500000,
    "average_filtered_value": 75038.29452339467,
    "total_operation_time_mean": 0.7601918220520019,
    "loading_time_mean": 0.4244633674621582,
    "loading_time_std": 0.07857188796714218,
    "loading_time_min": 0.34021735191345215,
    "loading_time_max": 0.5172531604766846,
    "loading_time_runs": [
        0.5172531604766846,
        0.4438211917877197,
        0.47463297843933105,
        0.3463921546936035,
        0.34021735191345215
    ],
    "loading_memory_mean": 17.87109375,
    "loading_memory_std": 1.0674323989225412,
    "loading_memory_min": 16.765625,
    "loading_memory_max": 19.1171875,
    "loading_memory_runs": [
        18.68359375,
        16.81640625,
        19.1171875,
        16.765625,
        17.97265625
    ],
    "cleaning_time_mean": 0.036987686157226564,
    "cleaning_time_std": 0.008831192385050332,
    "cleaning_time_min": 0.025999069213867188,
    "cleaning_time_max": 0.04711294174194336,
    "cleaning_time_runs": [
        0.0442967414855957,
        0.03645682334899902,
        0.04711294174194336,
        0.025999069213867188,
        0.03107285499572754
    ],
    "cleaning_memory_mean": 19.57421875,
    "cleaning_memory_std": 0.19255871162290997,
    "cleaning_memory_min": 19.43359375,
    "cleaning_memory_max": 19.78515625,
    "cleaning_memory_runs": [
        19.43359375,
        19.78515625,
        19.43359375,
        19.78515625,
        19.43359375
    ],
    "aggregation_time_mean": 0.1667837142944336,
    "aggregation_time_std": 0.03476958809126771,
    "aggregation_time_min": 0.13254332542419434,
    "aggregation_time_max": 0.21765589714050293,
    "aggregation_time_runs": [
        0.17365264892578125,
        0.21765589714050293,
        0.1744239330291748,
        0.13564276695251465,
        0.13254332542419434
    ],
    "aggregation_memory_mean": 10.30625,
    "aggregation_memory_std": 0.22679137146698283,
    "aggregation_memory_min": 10.140625,
    "aggregation_memory_max": 10.5546875,
    "aggregation_memory_runs": [
        10.140625,
        10.5546875,
        10.140625,
        10.5546875,
        10.140625
    ],
    "sorting_time_mean": 0.05223832130432129,
    "sorting_time_std": 0.009380563487380533,
    "sorting_time_min": 0.04200935363769531,
    "sorting_time_max": 0.06704425811767578,
    "sorting_time_runs": [
        0.047965049743652344,
        0.06704425811767578,
        0.04987001419067383,
        0.05430293083190918,
        0.04200935363769531
    ],
    "sorting_memory_mean": 22.89453125,
    "sorting_memory_std": 0.0,
    "sorting_memory_min": 22.89453125,
    "sorting_memory_max": 22.89453125,
    "sorting_memory_runs": [
        22.89453125,
        22.89453125,
        22.89453125,
        22.89453125,
        22.89453125
    ],
    "filtering_time_mean": 0.009023046493530274,
    "filtering_time_std": 0.0017024496681914483,
    "filtering_time_min": 0.006994485855102539,
    "filtering_time_max": 0.010993480682373047,
    "filtering_time_runs": [
        0.006994485855102539,
        0.010589122772216797,
        0.010993480682373047,
        0.008324384689331055,
        0.00821375846862793
    ],
    "filtering_memory_mean": 11.46484375,
    "filtering_memory_std": 0.0,
    "filtering_memory_min": 11.46484375,
    "filtering_memory_max": 11.46484375,
    "filtering_memory_runs": [
        11.46484375,
        11.46484375,
        11.46484375,
        11.46484375,
        11.46484375
    ],
    "correlation_time_mean": 0.07069568634033203,
    "correlation_time_std": 0.011826210905903332,
    "correlation_time_min": 0.05705142021179199,
    "correlation_time_max": 0.0886390209197998,
    "correlation_time_runs": [
        0.06437087059020996,
        0.0886390209197998,
        0.06955766677856445,
        0.05705142021179199,
        0.07385945320129395
    ],
    "correlation_memory_mean": 0.0,
    "correlation_memory_std": 0.0,
    "correlation_memory_min": 0.0,
    "correlation_memory_max": 0.0,
    "correlation_memory_runs": [
        0.0,
        0.0,
        0.0,
        0.0,
        0.0
    ]
}