{
    "memory_size_gb": 0.4377216100692749,
    "row_count": 10000000,
    "average_filtered_value": 7502.053136843133,
    "total_operation_time_mean": 9.637793827056885,
    "loading_time_mean": 0.7466198921203613,
    "loading_time_std": 0.2170516882840342,
    "loading_time_min": 0.5752310752868652,
    "loading_time_max": 1.1146879196166992,
    "loading_time_runs": [
        1.1146879196166992,
        0.7033915519714355,
        0.5993421077728271,
        0.5752310752868652,
        0.7404468059539795
    ],
    "loading_memory_mean": -137.86328125,
    "loading_memory_std": 327.3457855671159,
    "loading_memory_min": -715.03125,
    "loading_memory_max": 73.41796875,
    "loading_memory_runs": [
        -715.03125,
        46.41015625,
        -32.73828125,
        73.41796875,
        -61.375
    ],
    "cleaning_time_mean": 0.08590407371520996,
    "cleaning_time_std": 0.017910866443475663,
    "cleaning_time_min": 0.06733942031860352,
    "cleaning_time_max": 0.10730862617492676,
    "cleaning_time_runs": [
        0.10730862617492676,
        0.09783673286437988,
        0.06781983375549316,
        0.06733942031860352,
        0.08921575546264648
    ],
    "cleaning_memory_mean": 13.2875,
    "cleaning_memory_std": 63.32608971514695,
    "cleaning_memory_min": -58.1171875,
    "cleaning_memory_max": 112.5625,
    "cleaning_memory_runs": [
        112.5625,
        26.90234375,
        -2.94140625,
        -11.96875,
        -58.1171875
    ],
    "aggregation_time_mean": 3.845674657821655,
    "aggregation_time_std": 0.3849804473565051,
    "aggregation_time_min": 3.3805999755859375,
    "aggregation_time_max": 4.280853033065796,
    "aggregation_time_runs": [
        4.280853033065796,
        4.2054266929626465,
        3.63987398147583,
        3.3805999755859375,
        3.7216196060180664
    ],
    "aggregation_memory_mean": 10.66171875,
    "aggregation_memory_std": 15.957790153694699,
    "aggregation_memory_min": -1.9609375,
    "aggregation_memory_max": 38.18359375,
    "aggregation_memory_runs": [
        -1.9609375,
        8.09765625,
        7.58984375,
        38.18359375,
        1.3984375
    ],
    "sorting_time_mean": 4.029004383087158,
    "sorting_time_std": 0.25412218708289275,
    "sorting_time_min": 3.7345776557922363,
    "sorting_time_max": 4.29802131652832,
    "sorting_time_runs": [
        4.29802131652832,
        4.2175562381744385,
        4.106171607971191,
        3.7886950969696045,
        3.7345776557922363
    ],
    "sorting_memory_mean": 115.2125,
    "sorting_memory_std": 205.2274698323285,
    "sorting_memory_min": 2.390625,
    "sorting_memory_max": 480.015625,
    "sorting_memory_runs": [
        480.015625,
        2.390625,
        56.8515625,
        34.4140625,
        2.390625
    ],
    "filtering_time_mean": 0.2509320259094238,
    "filtering_time_std": 0.021008797775663234,
    "filtering_time_min": 0.21647214889526367,
    "filtering_time_max": 0.2710411548614502,
    "filtering_time_runs": [
        0.21647214889526367,
        0.26210451126098633,
        0.2710411548614502,
        0.25719785690307617,
        0.24784445762634277
    ],
    "filtering_memory_mean": 75.62265625,
    "filtering_memory_std": 36.15611712564041,
    "filtering_memory_min": 46.6953125,
    "filtering_memory_max": 119.58984375,
    "filtering_memory_runs": [
        119.58984375,
        110.26953125,
        46.6953125,
        54.26953125,
        47.2890625
    ],
    "correlation_time_mean": 0.6796587944030762,
    "correlation_time_std": 0.14275797483933694,
    "correlation_time_min": 0.5524413585662842,
    "correlation_time_max": 0.9076240062713623,
    "correlation_time_runs": [
        0.9076240062713623,
        0.5757322311401367,
        0.5524413585662842,
        0.6454629898071289,
        0.7170333862304688
    ],
    "correlation_memory_mean": 0.0,
    "correlation_memory_std": 0.0,
    "correlation_memory_min": 0.0,
    "correlation_memory_max": 0.0,
    "correlation_memory_runs": [
        0.0,
        0.0,
        0.0,
        0.0,
        0.0
    ]
}