{
    "memory_size_gb": 0.2980232238769531,
    "row_count": 5000000,
    "average_filtered_value": 7498.603640230923,
    "total_operation_time_mean": 1.1339436054229737,
    "loading_time_mean": 0.2830214023590088,
    "loading_time_std": 0.05182193718055301,
    "loading_time_min": 0.22711682319641113,
    "loading_time_max": 0.3664820194244385,
    "loading_time_runs": [
        0.257765531539917,
        0.22711682319641113,
        0.3664820194244385,
        0.2841682434082031,
        0.2795743942260742
    ],
    "loading_memory_mean": 176.7484375,
    "loading_memory_std": 114.29715196827559,
    "loading_memory_min": 66.58203125,
    "loading_memory_max": 362.8515625,
    "loading_memory_runs": [
        362.8515625,
        173.94921875,
        102.75,
        66.58203125,
        177.609375
    ],
    "cleaning_time_mean": 0.007853174209594726,
    "cleaning_time_std": 0.002234163593716984,
    "cleaning_time_min": 0.005516529083251953,
    "cleaning_time_max": 0.010703325271606445,
    "cleaning_time_runs": [
        0.009534120559692383,
        0.007513999938964844,
        0.005516529083251953,
        0.010703325271606445,
        0.005997896194458008
    ],
    "cleaning_memory_mean": -44.63671875,
    "cleaning_memory_std": 17.59582268818991,
    "cleaning_memory_min": -63.69140625,
    "cleaning_memory_max": -23.42578125,
    "cleaning_memory_runs": [
        -59.45703125,
        -46.23046875,
        -30.37890625,
        -63.69140625,
        -23.42578125
    ],
    "aggregation_time_mean": 0.244978666305542,
    "aggregation_time_std": 0.010588623931564798,
    "aggregation_time_min": 0.23331952095031738,
    "aggregation_time_max": 0.2589070796966553,
    "aggregation_time_runs": [
        0.2373647689819336,
        0.23331952095031738,
        0.25246167182922363,
        0.2589070796966553,
        0.24284029006958008
    ],
    "aggregation_memory_mean": -57.61796875,
    "aggregation_memory_std": 179.46127342341143,
    "aggregation_memory_min": -174.12890625,
    "aggregation_memory_max": 259.40625,
    "aggregation_memory_runs": [
        259.40625,
        -98.65234375,
        -174.12890625,
        -124.2109375,
        -150.50390625
    ],
    "sorting_time_mean": 0.32492856979370116,
    "sorting_time_std": 0.016216855876192964,
    "sorting_time_min": 0.31307339668273926,
    "sorting_time_max": 0.35276222229003906,
    "sorting_time_runs": [
        0.324420690536499,
        0.3142983913421631,
        0.32008814811706543,
        0.35276222229003906,
        0.31307339668273926
    ],
    "sorting_memory_mean": 34.45390625,
    "sorting_memory_std": 101.71272470093831,
    "sorting_memory_min": -26.5,
    "sorting_memory_max": 210.6953125,
    "sorting_memory_runs": [
        210.6953125,
        33.98828125,
        -25.53125,
        -20.3828125,
        -26.5
    ],
    "filtering_time_mean": 0.03949227333068848,
    "filtering_time_std": 0.013121085059725186,
    "filtering_time_min": 0.025590181350708008,
    "filtering_time_max": 0.05923771858215332,
    "filtering_time_runs": [
        0.03170466423034668,
        0.04509925842285156,
        0.03582954406738281,
        0.05923771858215332,
        0.025590181350708008
    ],
    "filtering_memory_mean": 73.71484375,
    "filtering_memory_std": 17.59443340702003,
    "filtering_memory_min": 61.78125,
    "filtering_memory_max": 101.53515625,
    "filtering_memory_runs": [
        61.984375,
        62.265625,
        101.53515625,
        61.78125,
        81.0078125
    ],
    "correlation_time_mean": 0.23366951942443848,
    "correlation_time_std": 0.016861519947415044,
    "correlation_time_min": 0.21840691566467285,
    "correlation_time_max": 0.25874900817871094,
    "correlation_time_runs": [
        0.24312734603881836,
        0.21840691566467285,
        0.22426438331604004,
        0.25874900817871094,
        0.2237999439239502
    ],
    "correlation_memory_mean": -0.20625,
    "correlation_memory_std": 0.5830030687097625,
    "correlation_memory_min": -1.24609375,
    "correlation_memory_max": 0.12109375,
    "correlation_memory_runs": [
        0.0546875,
        0.12109375,
        -0.00390625,
        -1.24609375,
        0.04296875
    ]
}