{
    "memory_size_gb": 0.004284083843231201,
    "row_count": 100000,
    "average_filtered_value": 74898.06119020957,
    "total_operation_time_mean": 0.23842120170593262,
    "loading_time_mean": 0.02064509391784668,
    "loading_time_std": 0.005239375033163447,
    "loading_time_min": 0.01607656478881836,
    "loading_time_max": 0.02703118324279785,
    "loading_time_runs": [
        0.025513410568237305,
        0.02703118324279785,
        0.018326759338378906,
        0.01607656478881836,
        0.016277551651000977
    ],
    "loading_memory_mean": 16.721875,
    "loading_memory_std": 0.5244524325464668,
    "loading_memory_min": 16.16015625,
    "loading_memory_max": 17.390625,
    "loading_memory_runs": [
        16.484375,
        17.390625,
        17.15625,
        16.41796875,
        16.16015625
    ],
    "cleaning_time_mean": 0.005382061004638672,
    "cleaning_time_std": 0.00397328789634429,
    "cleaning_time_min": 0.0020020008087158203,
    "cleaning_time_max": 0.012004613876342773,
    "cleaning_time_runs": [
        0.012004613876342773,
        0.003975391387939453,
        0.005913496017456055,
        0.003014802932739258,
        0.0020020008087158203
    ],
    "cleaning_memory_mean": -4.7078125,
    "cleaning_memory_std": 3.020484163997709,
    "cleaning_memory_min": -6.64453125,
    "cleaning_memory_max": 0.66015625,
    "cleaning_memory_runs": [
        0.66015625,
        -6.64453125,
        -5.89453125,
        -5.82421875,
        -5.8359375
    ],
    "aggregation_time_mean": 0.15630431175231935,
    "aggregation_time_std": 0.07910266456911876,
    "aggregation_time_min": 0.08984780311584473,
    "aggregation_time_max": 0.290294885635376,
    "aggregation_time_runs": [
        0.290294885635376,
        0.14704275131225586,
        0.14808893203735352,
        0.1062471866607666,
        0.08984780311584473
    ],
    "aggregation_memory_mean": 5.78828125,
    "aggregation_memory_std": 0.8042768597254578,
    "aggregation_memory_min": 4.41796875,
    "aggregation_memory_max": 6.5546875,
    "aggregation_memory_runs": [
        4.41796875,
        5.98046875,
        6.5546875,
        6.01171875,
        5.9765625
    ],
    "sorting_time_mean": 0.031141901016235353,
    "sorting_time_std": 0.007603588346848922,
    "sorting_time_min": 0.021997451782226562,
    "sorting_time_max": 0.04046487808227539,
    "sorting_time_runs": [
        0.04046487808227539,
        0.03720378875732422,
        0.02652144432067871,
        0.021997451782226562,
        0.029521942138671875
    ],
    "sorting_memory_mean": 5.10625,
    "sorting_memory_std": 1.836006896959702,
    "sorting_memory_min": 1.86328125,
    "sorting_memory_max": 6.34375,
    "sorting_memory_runs": [
        1.86328125,
        5.90625,
        6.34375,
        5.89453125,
        5.5234375
    ],
    "filtering_time_mean": 0.006000089645385742,
    "filtering_time_std": 0.002738177051178517,
    "filtering_time_min": 0.003000020980834961,
    "filtering_time_max": 0.009998083114624023,
    "filtering_time_runs": [
        0.005995988845825195,
        0.007005214691162109,
        0.009998083114624023,
        0.004001140594482422,
        0.003000020980834961
    ],
    "filtering_memory_mean": 0.83203125,
    "filtering_memory_std": 0.42575437128462784,
    "filtering_memory_min": 0.109375,
    "filtering_memory_max": 1.11328125,
    "filtering_memory_runs": [
        0.109375,
        1.11328125,
        0.78125,
        1.08203125,
        1.07421875
    ],
    "correlation_time_mean": 0.018947744369506837,
    "correlation_time_std": 0.005351451986269753,
    "correlation_time_min": 0.012005805969238281,
    "correlation_time_max": 0.024724245071411133,
    "correlation_time_runs": [
        0.022995948791503906,
        0.024724245071411133,
        0.02000141143798828,
        0.012005805969238281,
        0.015011310577392578
    ],
    "correlation_memory_mean": -1.1796875,
    "correlation_memory_std": 0.635219188917298,
    "correlation_memory_min": -1.8125,
    "correlation_memory_max": -0.38671875,
    "correlation_memory_runs": [
        -0.38671875,
        -1.14453125,
        -1.8125,
        -1.80859375,
        -0.74609375
    ]
}