{
    "memory_size_gb": 1.4654367631301284,
    "row_count": 24585949,
    "average_filtered_value": 7524.304875386172,
    "total_operation_time_mean": 6.779358959197999,
    "loading_time_mean": 1.410908842086792,
    "loading_time_std": 0.2878034381121404,
    "loading_time_min": 1.233367919921875,
    "loading_time_max": 1.9162707328796387,
    "loading_time_runs": [
        1.2637133598327637,
        1.3773083686828613,
        1.2638838291168213,
        1.9162707328796387,
        1.233367919921875
    ],
    "loading_memory_mean": 830.22890625,
    "loading_memory_std": 108.98205809309188,
    "loading_memory_min": 724.17578125,
    "loading_memory_max": 1011.375,
    "loading_memory_runs": [
        1011.375,
        787.53125,
        790.5859375,
        724.17578125,
        837.4765625
    ],
    "cleaning_time_mean": 0.005814075469970703,
    "cleaning_time_std": 0.001119058917755867,
    "cleaning_time_min": 0.0040094852447509766,
    "cleaning_time_max": 0.007046937942504883,
    "cleaning_time_runs": [
        0.006247997283935547,
        0.0040094852447509766,
        0.005750894546508789,
        0.00601506233215332,
        0.007046937942504883
    ],
    "cleaning_memory_mean": -40.39140625,
    "cleaning_memory_std": 11.890632507081238,
    "cleaning_memory_min": -49.01953125,
    "cleaning_memory_max": -21.4375,
    "cleaning_memory_runs": [
        -49.01953125,
        -21.4375,
        -47.83203125,
        -35.8203125,
        -47.84765625
    ],
    "aggregation_time_mean": 1.9343782901763915,
    "aggregation_time_std": 0.2709341635509215,
    "aggregation_time_min": 1.7654743194580078,
    "aggregation_time_max": 2.4090516567230225,
    "aggregation_time_runs": [
        2.4090516567230225,
        1.907043695449829,
        1.7654743194580078,
        1.806731939315796,
        1.7835898399353027
    ],
    "aggregation_memory_mean": -900.5859375,
    "aggregation_memory_std": 553.2969087898723,
    "aggregation_memory_min": -1212.4921875,
    "aggregation_memory_max": 80.28125,
    "aggregation_memory_runs": [
        80.28125,
        -1032.234375,
        -1212.4921875,
        -1210.95703125,
        -1127.52734375
    ],
    "sorting_time_mean": 1.903676414489746,
    "sorting_time_std": 0.1855272569254947,
    "sorting_time_min": 1.6550798416137695,
    "sorting_time_max": 2.093752145767212,
    "sorting_time_runs": [
        2.093752145767212,
        1.7635650634765625,
        1.988959550857544,
        1.6550798416137695,
        2.0170254707336426
    ],
    "sorting_memory_mean": 92.92734375,
    "sorting_memory_std": 269.4282825936519,
    "sorting_memory_min": -51.01171875,
    "sorting_memory_max": 573.6953125,
    "sorting_memory_runs": [
        573.6953125,
        -0.58203125,
        -37.78515625,
        -51.01171875,
        -19.6796875
    ],
    "filtering_time_mean": 0.13926053047180176,
    "filtering_time_std": 0.04406438973387888,
    "filtering_time_min": 0.11021947860717773,
    "filtering_time_max": 0.21634745597839355,
    "filtering_time_runs": [
        0.21634745597839355,
        0.11501002311706543,
        0.13476920127868652,
        0.11021947860717773,
        0.11995649337768555
    ],
    "filtering_memory_mean": 521.23125,
    "filtering_memory_std": 47.63789849015796,
    "filtering_memory_min": 464.62890625,
    "filtering_memory_max": 586.44140625,
    "filtering_memory_runs": [
        464.62890625,
        543.28515625,
        586.44140625,
        487.66796875,
        524.1328125
    ],
    "correlation_time_mean": 1.3853208065032958,
    "correlation_time_std": 0.19675030610111116,
    "correlation_time_min": 1.2061121463775635,
    "correlation_time_max": 1.6819777488708496,
    "correlation_time_runs": [
        1.4715723991394043,
        1.226306676864624,
        1.6819777488708496,
        1.2061121463775635,
        1.340635061264038
    ],
    "correlation_memory_mean": 302.35859375,
    "correlation_memory_std": 670.1750196793807,
    "correlation_memory_min": -12.76171875,
    "correlation_memory_max": 1500.84375,
    "correlation_memory_runs": [
        30.21484375,
        -12.76171875,
        1500.84375,
        -5.79296875,
        -0.7109375
    ]
}