{
    "row_count": 10000000,
    "memory_size_gb": 0.4749747514728547,
    "average_filtered_value": 7499.888309149845,
    "total_operation_time_mean": 31.183638095855713,
    "loading_time_mean": 11.270777463912964,
    "loading_time_std": 0.0,
    "loading_time_min": 11.270777463912964,
    "loading_time_max": 11.270777463912964,
    "loading_time_runs": [
        11.270777463912964
    ],
    "loading_memory_mean": 193.67578125,
    "loading_memory_std": 0.0,
    "loading_memory_min": 193.67578125,
    "loading_memory_max": 193.67578125,
    "loading_memory_runs": [
        193.67578125
    ],
    "cleaning_time_mean": 0.0010056495666503906,
    "cleaning_time_std": 0.0,
    "cleaning_time_min": 0.0010056495666503906,
    "cleaning_time_max": 0.0010056495666503906,
    "cleaning_time_runs": [
        0.0010056495666503906
    ],
    "cleaning_memory_mean": -0.99609375,
    "cleaning_memory_std": 0.0,
    "cleaning_memory_min": -0.99609375,
    "cleaning_memory_max": -0.99609375,
    "cleaning_memory_runs": [
        -0.99609375
    ],
    "aggregation_time_mean": 0.015043973922729492,
    "aggregation_time_std": 0.0,
    "aggregation_time_min": 0.015043973922729492,
    "aggregation_time_max": 0.015043973922729492,
    "aggregation_time_runs": [
        0.015043973922729492
    ],
    "aggregation_memory_mean": -6.73828125,
    "aggregation_memory_std": 0.0,
    "aggregation_memory_min": -6.73828125,
    "aggregation_memory_max": -6.73828125,
    "aggregation_memory_runs": [
        -6.73828125
    ],
    "sorting_time_mean": 0.0010025501251220703,
    "sorting_time_std": 0.0,
    "sorting_time_min": 0.0010025501251220703,
    "sorting_time_max": 0.0010025501251220703,
    "sorting_time_runs": [
        0.0010025501251220703
    ],
    "sorting_memory_mean": -1.0,
    "sorting_memory_std": 0.0,
    "sorting_memory_min": -1.0,
    "sorting_memory_max": -1.0,
    "sorting_memory_runs": [
        -1.0
    ],
    "filtering_time_mean": 8.684201002120972,
    "filtering_time_std": 0.0,
    "filtering_time_min": 8.684201002120972,
    "filtering_time_max": 8.684201002120972,
    "filtering_time_runs": [
        8.684201002120972
    ],
    "filtering_memory_mean": 92.7265625,
    "filtering_memory_std": 0.0,
    "filtering_memory_min": 92.7265625,
    "filtering_memory_max": 92.7265625,
    "filtering_memory_runs": [
        92.7265625
    ],
    "correlation_time_mean": 11.211607456207275,
    "correlation_time_std": 0.0,
    "correlation_time_min": 11.211607456207275,
    "correlation_time_max": 11.211607456207275,
    "correlation_time_runs": [
        11.211607456207275
    ],
    "correlation_memory_mean": 26.99609375,
    "correlation_memory_std": 0.0,
    "correlation_memory_min": 26.99609375,
    "correlation_memory_max": 26.99609375,
    "correlation_memory_runs": [
        26.99609375
    ]
}