{
    "row_count": 10000000,
    "memory_size_gb": 1.4261156320571897,
    "average_filtered_value": 7499.888309149845,
    "total_operation_time_mean": 107.74970388412476,
    "loading_time_mean": 3.9151060581207275,
    "loading_time_std": 0.0,
    "loading_time_min": 3.9151060581207275,
    "loading_time_max": 3.9151060581207275,
    "loading_time_runs": [
        3.9151060581207275
    ],
    "loading_memory_mean": -4.40625,
    "loading_memory_std": 0.0,
    "loading_memory_min": -4.40625,
    "loading_memory_max": -4.40625,
    "loading_memory_runs": [
        -4.40625
    ],
    "cleaning_time_mean": 0.05960845947265625,
    "cleaning_time_std": 0.0,
    "cleaning_time_min": 0.05960845947265625,
    "cleaning_time_max": 0.05960845947265625,
    "cleaning_time_runs": [
        0.05960845947265625
    ],
    "cleaning_memory_mean": 0.0,
    "cleaning_memory_std": 0.0,
    "cleaning_memory_min": 0.0,
    "cleaning_memory_max": 0.0,
    "cleaning_memory_runs": [
        0.0
    ],
    "aggregation_time_mean": 0.13811397552490234,
    "aggregation_time_std": 0.0,
    "aggregation_time_min": 0.13811397552490234,
    "aggregation_time_max": 0.13811397552490234,
    "aggregation_time_runs": [
        0.13811397552490234
    ],
    "aggregation_memory_mean": -2.0,
    "aggregation_memory_std": 0.0,
    "aggregation_memory_min": -2.0,
    "aggregation_memory_max": -2.0,
    "aggregation_memory_runs": [
        -2.0
    ],
    "sorting_time_mean": 0.029010534286499023,
    "sorting_time_std": 0.0,
    "sorting_time_min": 0.029010534286499023,
    "sorting_time_max": 0.029010534286499023,
    "sorting_time_runs": [
        0.029010534286499023
    ],
    "sorting_memory_mean": 0.0,
    "sorting_memory_std": 0.0,
    "sorting_memory_min": 0.0,
    "sorting_memory_max": 0.0,
    "sorting_memory_runs": [
        0.0
    ],
    "filtering_time_mean": 5.446754455566406,
    "filtering_time_std": 0.0,
    "filtering_time_min": 5.446754455566406,
    "filtering_time_max": 5.446754455566406,
    "filtering_time_runs": [
        5.446754455566406
    ],
    "filtering_memory_mean": -1.0,
    "filtering_memory_std": 0.0,
    "filtering_memory_min": -1.0,
    "filtering_memory_max": -1.0,
    "filtering_memory_runs": [
        -1.0
    ],
    "correlation_time_mean": 98.16111040115356,
    "correlation_time_std": 0.0,
    "correlation_time_min": 98.16111040115356,
    "correlation_time_max": 98.16111040115356,
    "correlation_time_runs": [
        98.16111040115356
    ],
    "correlation_memory_mean": -1.03125,
    "correlation_memory_std": 0.0,
    "correlation_memory_min": -1.03125,
    "correlation_memory_max": -1.03125,
    "correlation_memory_runs": [
        -1.03125
    ]
}