{
    "row_count": 5000000,
    "memory_size_gb": 0.638570636510849,
    "average_filtered_value": 7500.750655602975,
    "total_operation_time_mean": 89.58960008621216,
    "loading_time_mean": 7.6888158321380615,
    "loading_time_std": 0.0,
    "loading_time_min": 7.6888158321380615,
    "loading_time_max": 7.6888158321380615,
    "loading_time_runs": [
        7.6888158321380615
    ],
    "loading_memory_mean": 0.1796875,
    "loading_memory_std": 0.0,
    "loading_memory_min": 0.1796875,
    "loading_memory_max": 0.1796875,
    "loading_memory_runs": [
        0.1796875
    ],
    "cleaning_time_mean": 0.09525227546691895,
    "cleaning_time_std": 0.0,
    "cleaning_time_min": 0.09525227546691895,
    "cleaning_time_max": 0.09525227546691895,
    "cleaning_time_runs": [
        0.09525227546691895
    ],
    "cleaning_memory_mean": 0.0,
    "cleaning_memory_std": 0.0,
    "cleaning_memory_min": 0.0,
    "cleaning_memory_max": 0.0,
    "cleaning_memory_runs": [
        0.0
    ],
    "aggregation_time_mean": 0.2415635585784912,
    "aggregation_time_std": 0.0,
    "aggregation_time_min": 0.2415635585784912,
    "aggregation_time_max": 0.2415635585784912,
    "aggregation_time_runs": [
        0.2415635585784912
    ],
    "aggregation_memory_mean": 0.0,
    "aggregation_memory_std": 0.0,
    "aggregation_memory_min": 0.0,
    "aggregation_memory_max": 0.0,
    "aggregation_memory_runs": [
        0.0
    ],
    "sorting_time_mean": 0.03575730323791504,
    "sorting_time_std": 0.0,
    "sorting_time_min": 0.03575730323791504,
    "sorting_time_max": 0.03575730323791504,
    "sorting_time_runs": [
        0.03575730323791504
    ],
    "sorting_memory_mean": 0.0,
    "sorting_memory_std": 0.0,
    "sorting_memory_min": 0.0,
    "sorting_memory_max": 0.0,
    "sorting_memory_runs": [
        0.0
    ],
    "filtering_time_mean": 5.026944160461426,
    "filtering_time_std": 0.0,
    "filtering_time_min": 5.026944160461426,
    "filtering_time_max": 5.026944160461426,
    "filtering_time_runs": [
        5.026944160461426
    ],
    "filtering_memory_mean": 0.0,
    "filtering_memory_std": 0.0,
    "filtering_memory_min": 0.0,
    "filtering_memory_max": 0.0,
    "filtering_memory_runs": [
        0.0
    ],
    "correlation_time_mean": 76.50126695632935,
    "correlation_time_std": 0.0,
    "correlation_time_min": 76.50126695632935,
    "correlation_time_max": 76.50126695632935,
    "correlation_time_runs": [
        76.50126695632935
    ],
    "correlation_memory_mean": -0.08203125,
    "correlation_memory_std": 0.0,
    "correlation_memory_min": -0.08203125,
    "correlation_memory_max": -0.08203125,
    "correlation_memory_runs": [
        -0.08203125
    ]
}