{
    "row_count": 100000000,
    "memory_size_gb": 14.16802406311035,
    "average_filtered_value": 7525.259314526387,
    "total_operation_time_mean": 1503.9049317836761,
    "loading_time_mean": 10.971599102020264,
    "loading_time_std": 0.0,
    "loading_time_min": 10.971599102020264,
    "loading_time_max": 10.971599102020264,
    "loading_time_runs": [
        10.971599102020264
    ],
    "loading_memory_mean": 2.8671875,
    "loading_memory_std": 0.0,
    "loading_memory_min": 2.8671875,
    "loading_memory_max": 2.8671875,
    "loading_memory_runs": [
        2.8671875
    ],
    "cleaning_time_mean": 0.07699728012084961,
    "cleaning_time_std": 0.0,
    "cleaning_time_min": 0.07699728012084961,
    "cleaning_time_max": 0.07699728012084961,
    "cleaning_time_runs": [
        0.07699728012084961
    ],
    "cleaning_memory_mean": 0.0,
    "cleaning_memory_std": 0.0,
    "cleaning_memory_min": 0.0,
    "cleaning_memory_max": 0.0,
    "cleaning_memory_runs": [
        0.0
    ],
    "aggregation_time_mean": 0.21300172805786133,
    "aggregation_time_std": 0.0,
    "aggregation_time_min": 0.21300172805786133,
    "aggregation_time_max": 0.21300172805786133,
    "aggregation_time_runs": [
        0.21300172805786133
    ],
    "aggregation_memory_mean": 0.015625,
    "aggregation_memory_std": 0.0,
    "aggregation_memory_min": 0.015625,
    "aggregation_memory_max": 0.015625,
    "aggregation_memory_runs": [
        0.015625
    ],
    "sorting_time_mean": 0.03099846839904785,
    "sorting_time_std": 0.0,
    "sorting_time_min": 0.03099846839904785,
    "sorting_time_max": 0.03099846839904785,
    "sorting_time_runs": [
        0.03099846839904785
    ],
    "sorting_memory_mean": 0.0,
    "sorting_memory_std": 0.0,
    "sorting_memory_min": 0.0,
    "sorting_memory_max": 0.0,
    "sorting_memory_runs": [
        0.0
    ],
    "filtering_time_mean": 50.24310541152954,
    "filtering_time_std": 0.0,
    "filtering_time_min": 50.24310541152954,
    "filtering_time_max": 50.24310541152954,
    "filtering_time_runs": [
        50.24310541152954
    ],
    "filtering_memory_mean": 0.0234375,
    "filtering_memory_std": 0.0,
    "filtering_memory_min": 0.0234375,
    "filtering_memory_max": 0.0234375,
    "filtering_memory_runs": [
        0.0234375
    ],
    "correlation_time_mean": 1442.3692297935486,
    "correlation_time_std": 0.0,
    "correlation_time_min": 1442.3692297935486,
    "correlation_time_max": 1442.3692297935486,
    "correlation_time_runs": [
        1442.3692297935486
    ],
    "correlation_memory_mean": 0.359375,
    "correlation_memory_std": 0.0,
    "correlation_memory_min": 0.359375,
    "correlation_memory_max": 0.359375,
    "correlation_memory_runs": [
        0.359375
    ]
}