{
    "memory_size_gb": 2.1886080503463745,
    "row_count": 50000000,
    "average_filtered_value": 37500.32962730683,
    "total_operation_time_mean": 46.30607795715332,
    "loading_time_mean": 3.132784605026245,
    "loading_time_std": 0.0,
    "loading_time_min": 3.132784605026245,
    "loading_time_max": 3.132784605026245,
    "loading_time_runs": [
        3.132784605026245
    ],
    "loading_memory_mean": 2692.3046875,
    "loading_memory_std": 0.0,
    "loading_memory_min": 2692.3046875,
    "loading_memory_max": 2692.3046875,
    "loading_memory_runs": [
        2692.3046875
    ],
    "cleaning_time_mean": 0.5624945163726807,
    "cleaning_time_std": 0.0,
    "cleaning_time_min": 0.5624945163726807,
    "cleaning_time_max": 0.5624945163726807,
    "cleaning_time_runs": [
        0.5624945163726807
    ],
    "cleaning_memory_mean": 1361.62890625,
    "cleaning_memory_std": 0.0,
    "cleaning_memory_min": 1361.62890625,
    "cleaning_memory_max": 1361.62890625,
    "cleaning_memory_runs": [
        1361.62890625
    ],
    "aggregation_time_mean": 15.505817651748657,
    "aggregation_time_std": 0.0,
    "aggregation_time_min": 15.505817651748657,
    "aggregation_time_max": 15.505817651748657,
    "aggregation_time_runs": [
        15.505817651748657
    ],
    "aggregation_memory_mean": 1258.9765625,
    "aggregation_memory_std": 0.0,
    "aggregation_memory_min": 1258.9765625,
    "aggregation_memory_max": 1258.9765625,
    "aggregation_memory_runs": [
        1258.9765625
    ],
    "sorting_time_mean": 16.77413821220398,
    "sorting_time_std": 0.0,
    "sorting_time_min": 16.77413821220398,
    "sorting_time_max": 16.77413821220398,
    "sorting_time_runs": [
        16.77413821220398
    ],
    "sorting_memory_mean": 2660.94921875,
    "sorting_memory_std": 0.0,
    "sorting_memory_min": 2660.94921875,
    "sorting_memory_max": 2660.94921875,
    "sorting_memory_runs": [
        2660.94921875
    ],
    "filtering_time_mean": 1.2222957611083984,
    "filtering_time_std": 0.0,
    "filtering_time_min": 1.2222957611083984,
    "filtering_time_max": 1.2222957611083984,
    "filtering_time_runs": [
        1.2222957611083984
    ],
    "filtering_memory_mean": 1143.33203125,
    "filtering_memory_std": 0.0,
    "filtering_memory_min": 1143.33203125,
    "filtering_memory_max": 1143.33203125,
    "filtering_memory_runs": [
        1143.33203125
    ],
    "correlation_time_mean": 9.10854721069336,
    "correlation_time_std": 0.0,
    "correlation_time_min": 9.10854721069336,
    "correlation_time_max": 9.10854721069336,
    "correlation_time_runs": [
        9.10854721069336
    ],
    "correlation_memory_mean": -7675.203125,
    "correlation_memory_std": 0.0,
    "correlation_memory_min": -7675.203125,
    "correlation_memory_max": -7675.203125,
    "correlation_memory_runs": [
        -7675.203125
    ]
}