{
    "memory_size_gb": 13.783574223518372,
    "row_count": 100000000,
    "average_filtered_value": 7525.259314526387,
    "total_operation_time_mean": 130.7436225414276,
    "loading_time_mean": 63.39494872093201,
    "loading_time_std": 0.0,
    "loading_time_min": 63.39494872093201,
    "loading_time_max": 63.39494872093201,
    "loading_time_runs": [
        63.39494872093201
    ],
    "loading_memory_mean": 4678.73046875,
    "loading_memory_std": 0.0,
    "loading_memory_min": 4678.73046875,
    "loading_memory_max": 4678.73046875,
    "loading_memory_runs": [
        4678.73046875
    ],
    "cleaning_time_mean": 6.868452310562134,
    "cleaning_time_std": 0.0,
    "cleaning_time_min": 6.868452310562134,
    "cleaning_time_max": 6.868452310562134,
    "cleaning_time_runs": [
        6.868452310562134
    ],
    "cleaning_memory_mean": 3814.71875,
    "cleaning_memory_std": 0.0,
    "cleaning_memory_min": 3814.71875,
    "cleaning_memory_max": 3814.71875,
    "cleaning_memory_runs": [
        3814.71875
    ],
    "aggregation_time_mean": 16.930978775024414,
    "aggregation_time_std": 0.0,
    "aggregation_time_min": 16.930978775024414,
    "aggregation_time_max": 16.930978775024414,
    "aggregation_time_runs": [
        16.930978775024414
    ],
    "aggregation_memory_mean": 13.40625,
    "aggregation_memory_std": 0.0,
    "aggregation_memory_min": 13.40625,
    "aggregation_memory_max": 13.40625,
    "aggregation_memory_runs": [
        13.40625
    ],
    "sorting_time_mean": 27.178771257400513,
    "sorting_time_std": 0.0,
    "sorting_time_min": 27.178771257400513,
    "sorting_time_max": 27.178771257400513,
    "sorting_time_runs": [
        27.178771257400513
    ],
    "sorting_memory_mean": 4577.6953125,
    "sorting_memory_std": 0.0,
    "sorting_memory_min": 4577.6953125,
    "sorting_memory_max": 4577.6953125,
    "sorting_memory_runs": [
        4577.6953125
    ],
    "filtering_time_mean": 2.043654441833496,
    "filtering_time_std": 0.0,
    "filtering_time_min": 2.043654441833496,
    "filtering_time_max": 2.043654441833496,
    "filtering_time_runs": [
        2.043654441833496
    ],
    "filtering_memory_mean": 2288.54296875,
    "filtering_memory_std": 0.0,
    "filtering_memory_min": 2288.54296875,
    "filtering_memory_max": 2288.54296875,
    "filtering_memory_runs": [
        2288.54296875
    ],
    "correlation_time_mean": 14.326817035675049,
    "correlation_time_std": 0.0,
    "correlation_time_min": 14.326817035675049,
    "correlation_time_max": 14.326817035675049,
    "correlation_time_runs": [
        14.326817035675049
    ],
    "correlation_memory_mean": -15.82421875,
    "correlation_memory_std": 0.0,
    "correlation_memory_min": -15.82421875,
    "correlation_memory_max": -15.82421875,
    "correlation_memory_runs": [
        -15.82421875
    ]
}