{
    "memory_size_gb": 0.059604644775390625,
    "row_count": 1000000,
    "average_filtered_value": 7501.080798188406,
    "total_operation_time_mean": 0.25469303131103516,
    "loading_time_mean": 0.09018373489379883,
    "loading_time_std": 0.0,
    "loading_time_min": 0.09018373489379883,
    "loading_time_max": 0.09018373489379883,
    "loading_time_runs": [
        0.09018373489379883
    ],
    "loading_memory_mean": 75.32421875,
    "loading_memory_std": 0.0,
    "loading_memory_min": 75.32421875,
    "loading_memory_max": 75.32421875,
    "loading_memory_runs": [
        75.32421875
    ],
    "cleaning_time_mean": 0.020162582397460938,
    "cleaning_time_std": 0.0,
    "cleaning_time_min": 0.020162582397460938,
    "cleaning_time_max": 0.020162582397460938,
    "cleaning_time_runs": [
        0.020162582397460938
    ],
    "cleaning_memory_mean": 3.83203125,
    "cleaning_memory_std": 0.0,
    "cleaning_memory_min": 3.83203125,
    "cleaning_memory_max": 3.83203125,
    "cleaning_memory_runs": [
        3.83203125
    ],
    "aggregation_time_mean": 0.03603982925415039,
    "aggregation_time_std": 0.0,
    "aggregation_time_min": 0.03603982925415039,
    "aggregation_time_max": 0.03603982925415039,
    "aggregation_time_runs": [
        0.03603982925415039
    ],
    "aggregation_memory_mean": 137.36328125,
    "aggregation_memory_std": 0.0,
    "aggregation_memory_min": 137.36328125,
    "aggregation_memory_max": 137.36328125,
    "aggregation_memory_runs": [
        137.36328125
    ],
    "sorting_time_mean": 0.046849727630615234,
    "sorting_time_std": 0.0,
    "sorting_time_min": 0.046849727630615234,
    "sorting_time_max": 0.046849727630615234,
    "sorting_time_runs": [
        0.046849727630615234
    ],
    "sorting_memory_mean": 94.33984375,
    "sorting_memory_std": 0.0,
    "sorting_memory_min": 94.33984375,
    "sorting_memory_max": 94.33984375,
    "sorting_memory_runs": [
        94.33984375
    ],
    "filtering_time_mean": 0.01609349250793457,
    "filtering_time_std": 0.0,
    "filtering_time_min": 0.01609349250793457,
    "filtering_time_max": 0.01609349250793457,
    "filtering_time_runs": [
        0.01609349250793457
    ],
    "filtering_memory_mean": 7.6328125,
    "filtering_memory_std": 0.0,
    "filtering_memory_min": 7.6328125,
    "filtering_memory_max": 7.6328125,
    "filtering_memory_runs": [
        7.6328125
    ],
    "correlation_time_mean": 0.045363664627075195,
    "correlation_time_std": 0.0,
    "correlation_time_min": 0.045363664627075195,
    "correlation_time_max": 0.045363664627075195,
    "correlation_time_runs": [
        0.045363664627075195
    ],
    "correlation_memory_mean": 0.46875,
    "correlation_memory_std": 0.0,
    "correlation_memory_min": 0.46875,
    "correlation_memory_max": 0.46875,
    "correlation_memory_runs": [
        0.46875
    ]
}