{
    "memory_size_gb": 0.059604644775390625,
    "row_count": 1000000,
    "average_filtered_value": 154439.6460280374,
    "total_operation_time_mean": 0.31945300102233887,
    "loading_time_mean": 0.0733332633972168,
    "loading_time_std": 0.0,
    "loading_time_min": 0.0733332633972168,
    "loading_time_max": 0.0733332633972168,
    "loading_time_runs": [
        0.0733332633972168
    ],
    "loading_memory_mean": 109.0078125,
    "loading_memory_std": 0.0,
    "loading_memory_min": 109.0078125,
    "loading_memory_max": 109.0078125,
    "loading_memory_runs": [
        109.0078125
    ],
    "cleaning_time_mean": 0.0055294036865234375,
    "cleaning_time_std": 0.0,
    "cleaning_time_min": 0.0055294036865234375,
    "cleaning_time_max": 0.0055294036865234375,
    "cleaning_time_runs": [
        0.0055294036865234375
    ],
    "cleaning_memory_mean": -12.328125,
    "cleaning_memory_std": 0.0,
    "cleaning_memory_min": -12.328125,
    "cleaning_memory_max": -12.328125,
    "cleaning_memory_runs": [
        -12.328125
    ],
    "aggregation_time_mean": 0.03459906578063965,
    "aggregation_time_std": 0.0,
    "aggregation_time_min": 0.03459906578063965,
    "aggregation_time_max": 0.03459906578063965,
    "aggregation_time_runs": [
        0.03459906578063965
    ],
    "aggregation_memory_mean": 122.98046875,
    "aggregation_memory_std": 0.0,
    "aggregation_memory_min": 122.98046875,
    "aggregation_memory_max": 122.98046875,
    "aggregation_memory_runs": [
        122.98046875
    ],
    "sorting_time_mean": 0.08449864387512207,
    "sorting_time_std": 0.0,
    "sorting_time_min": 0.08449864387512207,
    "sorting_time_max": 0.08449864387512207,
    "sorting_time_runs": [
        0.08449864387512207
    ],
    "sorting_memory_mean": 81.5546875,
    "sorting_memory_std": 0.0,
    "sorting_memory_min": 81.5546875,
    "sorting_memory_max": 81.5546875,
    "sorting_memory_runs": [
        81.5546875
    ],
    "filtering_time_mean": 0.0050029754638671875,
    "filtering_time_std": 0.0,
    "filtering_time_min": 0.0050029754638671875,
    "filtering_time_max": 0.0050029754638671875,
    "filtering_time_runs": [
        0.0050029754638671875
    ],
    "filtering_memory_mean": 5.2734375,
    "filtering_memory_std": 0.0,
    "filtering_memory_min": 5.2734375,
    "filtering_memory_max": 5.2734375,
    "filtering_memory_runs": [
        5.2734375
    ],
    "correlation_time_mean": 0.11648964881896973,
    "correlation_time_std": 0.0,
    "correlation_time_min": 0.11648964881896973,
    "correlation_time_max": 0.11648964881896973,
    "correlation_time_runs": [
        0.11648964881896973
    ],
    "correlation_memory_mean": 0.5390625,
    "correlation_memory_std": 0.0,
    "correlation_memory_min": 0.5390625,
    "correlation_memory_max": 0.5390625,
    "correlation_memory_runs": [
        0.5390625
    ]
}