{
    "row_count": 1000000,
    "memory_size_gb": 0.14634057879447937,
    "average_filtered_value": 154439.6460280374,
    "total_operation_time_mean": 36.44307613372803,
    "loading_time_mean": 9.177881717681885,
    "loading_time_std": 0.0,
    "loading_time_min": 9.177881717681885,
    "loading_time_max": 9.177881717681885,
    "loading_time_runs": [
        9.177881717681885
    ],
    "loading_memory_mean": 6.46484375,
    "loading_memory_std": 0.0,
    "loading_memory_min": 6.46484375,
    "loading_memory_max": 6.46484375,
    "loading_memory_runs": [
        6.46484375
    ],
    "cleaning_time_mean": 0.13958120346069336,
    "cleaning_time_std": 0.0,
    "cleaning_time_min": 0.13958120346069336,
    "cleaning_time_max": 0.13958120346069336,
    "cleaning_time_runs": [
        0.13958120346069336
    ],
    "cleaning_memory_mean": 0.0,
    "cleaning_memory_std": 0.0,
    "cleaning_memory_min": 0.0,
    "cleaning_memory_max": 0.0,
    "cleaning_memory_runs": [
        0.0
    ],
    "aggregation_time_mean": 0.24701714515686035,
    "aggregation_time_std": 0.0,
    "aggregation_time_min": 0.24701714515686035,
    "aggregation_time_max": 0.24701714515686035,
    "aggregation_time_runs": [
        0.24701714515686035
    ],
    "aggregation_memory_mean": 0.01953125,
    "aggregation_memory_std": 0.0,
    "aggregation_memory_min": 0.01953125,
    "aggregation_memory_max": 0.01953125,
    "aggregation_memory_runs": [
        0.01953125
    ],
    "sorting_time_mean": 0.04101204872131348,
    "sorting_time_std": 0.0,
    "sorting_time_min": 0.04101204872131348,
    "sorting_time_max": 0.04101204872131348,
    "sorting_time_runs": [
        0.04101204872131348
    ],
    "sorting_memory_mean": 0.0,
    "sorting_memory_std": 0.0,
    "sorting_memory_min": 0.0,
    "sorting_memory_max": 0.0,
    "sorting_memory_runs": [
        0.0
    ],
    "filtering_time_mean": 2.8618905544281006,
    "filtering_time_std": 0.0,
    "filtering_time_min": 2.8618905544281006,
    "filtering_time_max": 2.8618905544281006,
    "filtering_time_runs": [
        2.8618905544281006
    ],
    "filtering_memory_mean": 0.0234375,
    "filtering_memory_std": 0.0,
    "filtering_memory_min": 0.0234375,
    "filtering_memory_max": 0.0234375,
    "filtering_memory_runs": [
        0.0234375
    ],
    "correlation_time_mean": 23.975693464279175,
    "correlation_time_std": 0.0,
    "correlation_time_min": 23.975693464279175,
    "correlation_time_max": 23.975693464279175,
    "correlation_time_runs": [
        23.975693464279175
    ],
    "correlation_memory_mean": -0.02734375,
    "correlation_memory_std": 0.0,
    "correlation_memory_min": -0.02734375,
    "correlation_memory_max": -0.02734375,
    "correlation_memory_runs": [
        -0.02734375
    ]
}