{
    "memory_size_gb": 0.12386602535843849,
    "row_count": 1000000,
    "average_filtered_value": 7499.858703990418,
    "total_operation_time_mean": 1.4685614109039307,
    "loading_time_mean": 0.9774158795674642,
    "loading_time_std": 0.032595366614547636,
    "loading_time_min": 0.9404604434967041,
    "loading_time_max": 1.0020725727081299,
    "loading_time_runs": [
        1.0020725727081299,
        0.9897146224975586,
        0.9404604434967041
    ],
    "loading_memory_mean": 51.666666666666664,
    "loading_memory_std": 4.6343179950907984,
    "loading_memory_min": 48.62109375,
    "loading_memory_max": 57.0,
    "loading_memory_runs": [
        57.0,
        49.37890625,
        48.62109375
    ],
    "cleaning_time_mean": 0.08950074513753255,
    "cleaning_time_std": 0.01436075715533558,
    "cleaning_time_min": 0.07446646690368652,
    "cleaning_time_max": 0.10307669639587402,
    "cleaning_time_runs": [
        0.09095907211303711,
        0.10307669639587402,
        0.07446646690368652
    ],
    "cleaning_memory_mean": 38.234375,
    "cleaning_memory_std": 0.7686979943029073,
    "cleaning_memory_min": 37.6875,
    "cleaning_memory_max": 39.11328125,
    "cleaning_memory_runs": [
        37.90234375,
        39.11328125,
        37.6875
    ],
    "aggregation_time_mean": 0.13425326347351074,
    "aggregation_time_std": 0.02137914987418768,
    "aggregation_time_min": 0.11320137977600098,
    "aggregation_time_max": 0.1559453010559082,
    "aggregation_time_runs": [
        0.13361310958862305,
        0.1559453010559082,
        0.11320137977600098
    ],
    "aggregation_memory_mean": 2.0911458333333335,
    "aggregation_memory_std": 0.6267594051053569,
    "aggregation_memory_min": 1.61328125,
    "aggregation_memory_max": 2.80078125,
    "aggregation_memory_runs": [
        2.80078125,
        1.61328125,
        1.859375
    ],
    "sorting_time_mean": 0.13660486539204916,
    "sorting_time_std": 0.021706944320168217,
    "sorting_time_min": 0.11907410621643066,
    "sorting_time_max": 0.16088461875915527,
    "sorting_time_runs": [
        0.12985587120056152,
        0.16088461875915527,
        0.11907410621643066
    ],
    "sorting_memory_mean": 45.7890625,
    "sorting_memory_std": 0.0,
    "sorting_memory_min": 45.7890625,
    "sorting_memory_max": 45.7890625,
    "sorting_memory_runs": [
        45.7890625,
        45.7890625,
        45.7890625
    ],
    "filtering_time_mean": 0.019745349884033203,
    "filtering_time_std": 0.004225797266343153,
    "filtering_time_min": 0.016999244689941406,
    "filtering_time_max": 0.024611473083496094,
    "filtering_time_runs": [
        0.016999244689941406,
        0.024611473083496094,
        0.01762533187866211
    ],
    "filtering_memory_mean": 20.852864583333332,
    "filtering_memory_std": 0.5401417713323242,
    "filtering_memory_min": 20.5390625,
    "filtering_memory_max": 21.4765625,
    "filtering_memory_runs": [
        20.54296875,
        20.5390625,
        21.4765625
    ],
    "correlation_time_mean": 0.11104130744934082,
    "correlation_time_std": 0.017331062745307026,
    "correlation_time_min": 0.09535956382751465,
    "correlation_time_max": 0.12964916229248047,
    "correlation_time_runs": [
        0.10811519622802734,
        0.12964916229248047,
        0.09535956382751465
    ],
    "correlation_memory_mean": 0.0,
    "correlation_memory_std": 0.0,
    "correlation_memory_min": 0.0,
    "correlation_memory_max": 0.0,
    "correlation_memory_runs": [
        0.0,
        0.0,
        0.0
    ]
}