{
    "row_count": 1000000,
    "memory_size_gb": 0.047497574239969254,
    "average_filtered_value": 7499.858703990418,
    "total_operation_time_mean": 4.587953170140584,
    "loading_time_mean": 1.8302330176035564,
    "loading_time_std": 0.4286689306105177,
    "loading_time_min": 1.5349197387695312,
    "loading_time_max": 2.3219094276428223,
    "loading_time_runs": [
        1.5349197387695312,
        1.6338698863983154,
        2.3219094276428223
    ],
    "loading_memory_mean": 29.74609375,
    "loading_memory_std": 5.639326374056124,
    "loading_memory_min": 24.68359375,
    "loading_memory_max": 35.82421875,
    "loading_memory_runs": [
        28.73046875,
        24.68359375,
        35.82421875
    ],
    "cleaning_time_mean": 0.0006713072458902994,
    "cleaning_time_std": 0.0005814176353284951,
    "cleaning_time_min": 0.0,
    "cleaning_time_max": 0.0010144710540771484,
    "cleaning_time_runs": [
        0.0010144710540771484,
        0.00099945068359375,
        0.0
    ],
    "cleaning_memory_mean": 0.0,
    "cleaning_memory_std": 0.0,
    "cleaning_memory_min": 0.0,
    "cleaning_memory_max": 0.0,
    "cleaning_memory_runs": [
        0.0,
        0.0,
        0.0
    ],
    "aggregation_time_mean": 0.008668820063273111,
    "aggregation_time_std": 0.0028915663814636492,
    "aggregation_time_min": 0.00699925422668457,
    "aggregation_time_max": 0.012007713317871094,
    "aggregation_time_runs": [
        0.00699925422668457,
        0.006999492645263672,
        0.012007713317871094
    ],
    "aggregation_memory_mean": 0.0,
    "aggregation_memory_std": 0.0,
    "aggregation_memory_min": 0.0,
    "aggregation_memory_max": 0.0,
    "aggregation_memory_runs": [
        0.0,
        0.0,
        0.0
    ],
    "sorting_time_mean": 0.00032830238342285156,
    "sorting_time_std": 0.0005686364083343372,
    "sorting_time_min": 0.0,
    "sorting_time_max": 0.0009849071502685547,
    "sorting_time_runs": [
        0.0009849071502685547,
        0.0,
        0.0
    ],
    "sorting_memory_mean": 0.0,
    "sorting_memory_std": 0.0,
    "sorting_memory_min": 0.0,
    "sorting_memory_max": 0.0,
    "sorting_memory_runs": [
        0.0,
        0.0,
        0.0
    ],
    "filtering_time_mean": 1.2280414899190266,
    "filtering_time_std": 0.02883548284680438,
    "filtering_time_min": 1.204566478729248,
    "filtering_time_max": 1.2602283954620361,
    "filtering_time_runs": [
        1.219329595565796,
        1.2602283954620361,
        1.204566478729248
    ],
    "filtering_memory_mean": 2.5130208333333335,
    "filtering_memory_std": 0.8775191600769087,
    "filtering_memory_min": 1.5,
    "filtering_memory_max": 3.0390625,
    "filtering_memory_runs": [
        3.0,
        3.0390625,
        1.5
    ],
    "correlation_time_mean": 1.520010232925415,
    "correlation_time_std": 0.2078726483002571,
    "correlation_time_min": 1.3651554584503174,
    "correlation_time_max": 1.7562646865844727,
    "correlation_time_runs": [
        1.7562646865844727,
        1.3651554584503174,
        1.438610553741455
    ],
    "correlation_memory_mean": -2.2252604166666665,
    "correlation_memory_std": 0.7854800845445706,
    "correlation_memory_min": -2.9375,
    "correlation_memory_max": -1.3828125,
    "correlation_memory_runs": [
        -2.9375,
        -1.3828125,
        -2.35546875
    ]
}