{
    "memory_size_gb": 0.21886080503463745,
    "row_count": 5000000,
    "average_filtered_value": 7498.603640230923,
    "total_operation_time_mean": 4.257881784439087,
    "loading_time_mean": 0.1933441638946533,
    "loading_time_std": 0.05052833499544502,
    "loading_time_min": 0.162431001663208,
    "loading_time_max": 0.2816894054412842,
    "loading_time_runs": [
        0.16741657257080078,
        0.16568732261657715,
        0.18949651718139648,
        0.162431001663208,
        0.2816894054412842
    ],
    "loading_memory_mean": -81.225,
    "loading_memory_std": 34.50655442048123,
    "loading_memory_min": -121.49609375,
    "loading_memory_max": -41.05859375,
    "loading_memory_runs": [
        -41.05859375,
        -54.01171875,
        -109.265625,
        -80.29296875,
        -121.49609375
    ],
    "cleaning_time_mean": 0.02931675910949707,
    "cleaning_time_std": 0.008735172207080491,
    "cleaning_time_min": 0.019120454788208008,
    "cleaning_time_max": 0.04313015937805176,
    "cleaning_time_runs": [
        0.02918267250061035,
        0.029050827026367188,
        0.019120454788208008,
        0.026099681854248047,
        0.04313015937805176
    ],
    "cleaning_memory_mean": -0.69296875,
    "cleaning_memory_std": 13.578029647158719,
    "cleaning_memory_min": -18.63671875,
    "cleaning_memory_max": 17.4375,
    "cleaning_memory_runs": [
        17.4375,
        -8.1875,
        4.35546875,
        1.56640625,
        -18.63671875
    ],
    "aggregation_time_mean": 1.7865155220031739,
    "aggregation_time_std": 0.9305329646341717,
    "aggregation_time_min": 1.175097942352295,
    "aggregation_time_max": 3.4383771419525146,
    "aggregation_time_runs": [
        1.4519767761230469,
        1.175097942352295,
        1.436788558959961,
        1.4303371906280518,
        3.4383771419525146
    ],
    "aggregation_memory_mean": 99.93515625,
    "aggregation_memory_std": 7.374479424158952,
    "aggregation_memory_min": 94.21875,
    "aggregation_memory_max": 112.6640625,
    "aggregation_memory_runs": [
        99.0859375,
        112.6640625,
        98.1015625,
        95.60546875,
        94.21875
    ],
    "sorting_time_mean": 1.8003096103668212,
    "sorting_time_std": 0.53709571242747,
    "sorting_time_min": 1.2049970626831055,
    "sorting_time_max": 2.5202507972717285,
    "sorting_time_runs": [
        1.6188592910766602,
        1.4775536060333252,
        1.2049970626831055,
        2.179887294769287,
        2.5202507972717285
    ],
    "sorting_memory_mean": 29.48671875,
    "sorting_memory_std": 18.89870648675614,
    "sorting_memory_min": 6.07421875,
    "sorting_memory_max": 50.85546875,
    "sorting_memory_runs": [
        50.85546875,
        33.28515625,
        6.07421875,
        42.890625,
        14.328125
    ],
    "filtering_time_mean": 0.13247032165527345,
    "filtering_time_std": 0.05224841807936171,
    "filtering_time_min": 0.07665562629699707,
    "filtering_time_max": 0.19032001495361328,
    "filtering_time_runs": [
        0.1056368350982666,
        0.10345578193664551,
        0.07665562629699707,
        0.19032001495361328,
        0.18628334999084473
    ],
    "filtering_memory_mean": 9.56328125,
    "filtering_memory_std": 13.78186985966031,
    "filtering_memory_min": -9.40234375,
    "filtering_memory_max": 24.296875,
    "filtering_memory_runs": [
        21.71484375,
        24.296875,
        4.1953125,
        -9.40234375,
        7.01171875
    ],
    "correlation_time_mean": 0.31592540740966796,
    "correlation_time_std": 0.1035328218310192,
    "correlation_time_min": 0.2264716625213623,
    "correlation_time_max": 0.48111820220947266,
    "correlation_time_runs": [
        0.25415730476379395,
        0.26608753204345703,
        0.2264716625213623,
        0.48111820220947266,
        0.3517923355102539
    ],
    "correlation_memory_mean": 0.0015625,
    "correlation_memory_std": 0.002139541240254555,
    "correlation_memory_min": 0.0,
    "correlation_memory_max": 0.00390625,
    "correlation_memory_runs": [
        0.0,
        0.00390625,
        0.0,
        0.00390625,
        0.0
    ]
}