{
    "memory_size_gb": 0.2980232238769531,
    "row_count": 5000000,
    "average_filtered_value": 7498.603640230923,
    "total_operation_time_mean": 1.0319355964660646,
    "loading_time_mean": 0.2286994457244873,
    "loading_time_std": 0.061946342563882095,
    "loading_time_min": 0.1882011890411377,
    "loading_time_max": 0.3347318172454834,
    "loading_time_runs": [
        0.3347318172454834,
        0.1890711784362793,
        0.1882011890411377,
        0.23248672485351562,
        0.1990063190460205
    ],
    "loading_memory_mean": 189.946875,
    "loading_memory_std": 82.68772871313088,
    "loading_memory_min": 135.296875,
    "loading_memory_max": 326.90625,
    "loading_memory_runs": [
        326.90625,
        209.7421875,
        138.96875,
        135.296875,
        138.8203125
    ],
    "cleaning_time_mean": 0.010280847549438477,
    "cleaning_time_std": 0.0042954783298187705,
    "cleaning_time_min": 0.006279706954956055,
    "cleaning_time_max": 0.017593860626220703,
    "cleaning_time_runs": [
        0.017593860626220703,
        0.006279706954956055,
        0.008514165878295898,
        0.00952005386352539,
        0.009496450424194336
    ],
    "cleaning_memory_mean": -84.25859375,
    "cleaning_memory_std": 25.27050392919479,
    "cleaning_memory_min": -113.9765625,
    "cleaning_memory_max": -44.48828125,
    "cleaning_memory_runs": [
        -113.9765625,
        -44.48828125,
        -92.6953125,
        -82.14453125,
        -87.98828125
    ],
    "aggregation_time_mean": 0.21953625679016114,
    "aggregation_time_std": 0.025715077634908455,
    "aggregation_time_min": 0.19299936294555664,
    "aggregation_time_max": 0.2520005702972412,
    "aggregation_time_runs": [
        0.2520005702972412,
        0.19299936294555664,
        0.20580554008483887,
        0.2417128086090088,
        0.20516300201416016
    ],
    "aggregation_memory_mean": 55.99765625,
    "aggregation_memory_std": 164.43558763749851,
    "aggregation_memory_min": -116.5390625,
    "aggregation_memory_max": 274.71875,
    "aggregation_memory_runs": [
        132.4375,
        274.71875,
        87.38671875,
        -116.5390625,
        -98.015625
    ],
    "sorting_time_mean": 0.3137251853942871,
    "sorting_time_std": 0.01888087355226606,
    "sorting_time_min": 0.2937650680541992,
    "sorting_time_max": 0.3371925354003906,
    "sorting_time_runs": [
        0.3371925354003906,
        0.2937650680541992,
        0.3029782772064209,
        0.3302896022796631,
        0.3044004440307617
    ],
    "sorting_memory_mean": 78.45,
    "sorting_memory_std": 146.30834382487666,
    "sorting_memory_min": -61.22265625,
    "sorting_memory_max": 247.12109375,
    "sorting_memory_runs": [
        222.29296875,
        247.12109375,
        23.953125,
        -39.89453125,
        -61.22265625
    ],
    "filtering_time_mean": 0.0340878963470459,
    "filtering_time_std": 0.0035164349806074574,
    "filtering_time_min": 0.029158592224121094,
    "filtering_time_max": 0.038176774978637695,
    "filtering_time_runs": [
        0.038176774978637695,
        0.03203010559082031,
        0.03560757637023926,
        0.03546643257141113,
        0.029158592224121094
    ],
    "filtering_memory_mean": 77.4875,
    "filtering_memory_std": 25.381445065265183,
    "filtering_memory_min": 40.02734375,
    "filtering_memory_max": 99.53125,
    "filtering_memory_runs": [
        64.0390625,
        40.02734375,
        99.53125,
        98.63671875,
        85.203125
    ],
    "correlation_time_mean": 0.22560596466064453,
    "correlation_time_std": 0.04271609722392366,
    "correlation_time_min": 0.20375728607177734,
    "correlation_time_max": 0.3018453121185303,
    "correlation_time_runs": [
        0.3018453121185303,
        0.2113649845123291,
        0.20375728607177734,
        0.2053687572479248,
        0.20569348335266113
    ],
    "correlation_memory_mean": -115.54375,
    "correlation_memory_std": 258.5143548665298,
    "correlation_memory_min": -577.98828125,
    "correlation_memory_max": 0.125,
    "correlation_memory_runs": [
        -577.98828125,
        0.125,
        0.015625,
        0.0703125,
        0.05859375
    ]
}