{
    "memory_size_gb": 0.059604644775390625,
    "row_count": 1000000,
    "average_filtered_value": 7499.858703990418,
    "total_operation_time_mean": 0.1875010331471761,
    "loading_time_mean": 0.04872775077819824,
    "loading_time_std": 0.0029331731228019052,
    "loading_time_min": 0.04538440704345703,
    "loading_time_max": 0.05086851119995117,
    "loading_time_runs": [
        0.05086851119995117,
        0.04538440704345703,
        0.04993033409118652
    ],
    "loading_memory_mean": 29.82421875,
    "loading_memory_std": 15.000876337519575,
    "loading_memory_min": 14.5078125,
    "loading_memory_max": 44.48828125,
    "loading_memory_runs": [
        44.48828125,
        30.4765625,
        14.5078125
    ],
    "cleaning_time_mean": 0.019213279088338215,
    "cleaning_time_std": 0.0003867559679717026,
    "cleaning_time_min": 0.0189669132232666,
    "cleaning_time_max": 0.019659042358398438,
    "cleaning_time_runs": [
        0.0189669132232666,
        0.01901388168334961,
        0.019659042358398438
    ],
    "cleaning_memory_mean": -150.19010416666666,
    "cleaning_memory_std": 4.147963597970834,
    "cleaning_memory_min": -153.12890625,
    "cleaning_memory_max": -145.4453125,
    "cleaning_memory_runs": [
        -151.99609375,
        -145.4453125,
        -153.12890625
    ],
    "aggregation_time_mean": 0.028628826141357422,
    "aggregation_time_std": 0.0005696807774055836,
    "aggregation_time_min": 0.02797102928161621,
    "aggregation_time_max": 0.0289614200592041,
    "aggregation_time_runs": [
        0.0289614200592041,
        0.028954029083251953,
        0.02797102928161621
    ],
    "aggregation_memory_mean": 79.98307291666667,
    "aggregation_memory_std": 11.290033163647617,
    "aggregation_memory_min": 68.2890625,
    "aggregation_memory_max": 90.8203125,
    "aggregation_memory_runs": [
        80.83984375,
        68.2890625,
        90.8203125
    ],
    "sorting_time_mean": 0.041503349939982094,
    "sorting_time_std": 0.004401098203847723,
    "sorting_time_min": 0.03672194480895996,
    "sorting_time_max": 0.045385122299194336,
    "sorting_time_runs": [
        0.03672194480895996,
        0.04240298271179199,
        0.045385122299194336
    ],
    "sorting_memory_mean": 65.29817708333333,
    "sorting_memory_std": 6.5419720944904025,
    "sorting_memory_min": 59.32421875,
    "sorting_memory_max": 72.2890625,
    "sorting_memory_runs": [
        72.2890625,
        64.28125,
        59.32421875
    ],
    "filtering_time_mean": 0.008105595906575521,
    "filtering_time_std": 0.0010299743969316602,
    "filtering_time_min": 0.0070040225982666016,
    "filtering_time_max": 0.009044647216796875,
    "filtering_time_runs": [
        0.0070040225982666016,
        0.008268117904663086,
        0.009044647216796875
    ],
    "filtering_memory_mean": -5.888020833333333,
    "filtering_memory_std": 6.605821404197486,
    "filtering_memory_min": -13.3515625,
    "filtering_memory_max": -0.79296875,
    "filtering_memory_runs": [
        -0.79296875,
        -3.51953125,
        -13.3515625
    ],
    "correlation_time_mean": 0.04132223129272461,
    "correlation_time_std": 0.0014954937031175122,
    "correlation_time_min": 0.0400698184967041,
    "correlation_time_max": 0.04297804832458496,
    "correlation_time_runs": [
        0.0400698184967041,
        0.040918827056884766,
        0.04297804832458496
    ],
    "correlation_memory_mean": 61.092447916666664,
    "correlation_memory_std": 0.01926907368092284,
    "correlation_memory_min": 61.0703125,
    "correlation_memory_max": 61.10546875,
    "correlation_memory_runs": [
        61.10546875,
        61.1015625,
        61.0703125
    ]
}