{
    "memory_size_gb": 0.5960464477539062,
    "row_count": 10000000,
    "average_filtered_value": 7502.053136843133,
    "total_operation_time_mean": 2.066156768798828,
    "loading_time_mean": 0.46073527336120607,
    "loading_time_std": 0.027927839207050432,
    "loading_time_min": 0.43374085426330566,
    "loading_time_max": 0.4981381893157959,
    "loading_time_runs": [
        0.48250794410705566,
        0.4981381893157959,
        0.43374085426330566,
        0.44504284858703613,
        0.4442465305328369
    ],
    "loading_memory_mean": 292.959375,
    "loading_memory_std": 27.298980732988156,
    "loading_memory_min": 263.9140625,
    "loading_memory_max": 329.63671875,
    "loading_memory_runs": [
        329.63671875,
        275.671875,
        312.73046875,
        263.9140625,
        282.84375
    ],
    "cleaning_time_mean": 0.017805767059326173,
    "cleaning_time_std": 0.006298242876454164,
    "cleaning_time_min": 0.012577295303344727,
    "cleaning_time_max": 0.0252225399017334,
    "cleaning_time_runs": [
        0.013560295104980469,
        0.02413463592529297,
        0.0252225399017334,
        0.012577295303344727,
        0.013534069061279297
    ],
    "cleaning_memory_mean": -169.72265625,
    "cleaning_memory_std": 65.5920571612637,
    "cleaning_memory_min": -260.5390625,
    "cleaning_memory_max": -117.18359375,
    "cleaning_memory_runs": [
        -135.84375,
        -217.7421875,
        -260.5390625,
        -117.18359375,
        -117.3046875
    ],
    "aggregation_time_mean": 0.4728830814361572,
    "aggregation_time_std": 0.01791716930124969,
    "aggregation_time_min": 0.45276689529418945,
    "aggregation_time_max": 0.4965324401855469,
    "aggregation_time_runs": [
        0.48423266410827637,
        0.4965324401855469,
        0.45276689529418945,
        0.4717893600463867,
        0.4590940475463867
    ],
    "aggregation_memory_mean": -399.840625,
    "aggregation_memory_std": 57.48114788663952,
    "aggregation_memory_min": -467.11328125,
    "aggregation_memory_max": -322.3984375,
    "aggregation_memory_runs": [
        -467.11328125,
        -364.140625,
        -322.3984375,
        -436.3203125,
        -409.23046875
    ],
    "sorting_time_mean": 0.6392258167266845,
    "sorting_time_std": 0.0514173447672866,
    "sorting_time_min": 0.5946693420410156,
    "sorting_time_max": 0.7195169925689697,
    "sorting_time_runs": [
        0.7195169925689697,
        0.5946693420410156,
        0.6127052307128906,
        0.6081874370574951,
        0.6610500812530518
    ],
    "sorting_memory_mean": 4.58515625,
    "sorting_memory_std": 26.659465192508755,
    "sorting_memory_min": -15.640625,
    "sorting_memory_max": 51.078125,
    "sorting_memory_runs": [
        -15.640625,
        0.2421875,
        -3.82421875,
        -8.9296875,
        51.078125
    ],
    "filtering_time_mean": 0.04645805358886719,
    "filtering_time_std": 0.0032094440416329233,
    "filtering_time_min": 0.04168367385864258,
    "filtering_time_max": 0.04939985275268555,
    "filtering_time_runs": [
        0.04924511909484863,
        0.04510617256164551,
        0.04685544967651367,
        0.04168367385864258,
        0.04939985275268555
    ],
    "filtering_memory_mean": 291.6125,
    "filtering_memory_std": 7.91533944766599,
    "filtering_memory_min": 284.13671875,
    "filtering_memory_max": 304.54296875,
    "filtering_memory_runs": [
        292.9609375,
        289.34375,
        284.13671875,
        304.54296875,
        287.078125
    ],
    "correlation_time_mean": 0.4290487766265869,
    "correlation_time_std": 0.013224059377133507,
    "correlation_time_min": 0.4153900146484375,
    "correlation_time_max": 0.45050716400146484,
    "correlation_time_runs": [
        0.45050716400146484,
        0.43062758445739746,
        0.42609286308288574,
        0.4153900146484375,
        0.422626256942749
    ],
    "correlation_memory_mean": 38.2265625,
    "correlation_memory_std": 85.97751594094521,
    "correlation_memory_min": -0.4609375,
    "correlation_memory_max": 192.02734375,
    "correlation_memory_runs": [
        -0.4609375,
        192.02734375,
        -0.40234375,
        -0.078125,
        0.046875
    ]
}