{
    "row_count": 5000000,
    "memory_size_gb": 0.23748737946152687,
    "average_filtered_value": 7498.603640230923,
    "total_operation_time_mean": 19.424590015411376,
    "loading_time_mean": 6.718806600570678,
    "loading_time_std": 0.4357077572714588,
    "loading_time_min": 6.0728349685668945,
    "loading_time_max": 7.210810422897339,
    "loading_time_runs": [
        6.962093830108643,
        7.210810422897339,
        6.80986762046814,
        6.538426160812378,
        6.0728349685668945
    ],
    "loading_memory_mean": 72.340625,
    "loading_memory_std": 82.02139981782908,
    "loading_memory_min": -0.015625,
    "loading_memory_max": 198.4921875,
    "loading_memory_runs": [
        -0.015625,
        22.5859375,
        198.4921875,
        110.796875,
        29.84375
    ],
    "cleaning_time_mean": 0.0004014015197753906,
    "cleaning_time_std": 0.0005496416674945937,
    "cleaning_time_min": 0.0,
    "cleaning_time_max": 0.0010035037994384766,
    "cleaning_time_runs": [
        0.0010035037994384766,
        0.0010035037994384766,
        0.0,
        0.0,
        0.0
    ],
    "cleaning_memory_mean": 0.0,
    "cleaning_memory_std": 0.0,
    "cleaning_memory_min": 0.0,
    "cleaning_memory_max": 0.0,
    "cleaning_memory_runs": [
        0.0,
        0.0,
        0.0,
        0.0,
        0.0
    ],
    "aggregation_time_mean": 0.008349084854125976,
    "aggregation_time_std": 0.0023431550074999702,
    "aggregation_time_min": 0.005605220794677734,
    "aggregation_time_max": 0.010421991348266602,
    "aggregation_time_runs": [
        0.006010770797729492,
        0.010421991348266602,
        0.010118484497070312,
        0.009588956832885742,
        0.005605220794677734
    ],
    "aggregation_memory_mean": -1.39921875,
    "aggregation_memory_std": 1.138805537288001,
    "aggregation_memory_min": -2.99609375,
    "aggregation_memory_max": 0.0,
    "aggregation_memory_runs": [
        -2.99609375,
        0.0,
        -1.0,
        -1.0,
        -2.0
    ],
    "sorting_time_mean": 0.0002200603485107422,
    "sorting_time_std": 0.0004920698984223141,
    "sorting_time_min": 0.0,
    "sorting_time_max": 0.001100301742553711,
    "sorting_time_runs": [
        0.0,
        0.0,
        0.0,
        0.001100301742553711,
        0.0
    ],
    "sorting_memory_mean": 0.0,
    "sorting_memory_std": 0.0,
    "sorting_memory_min": 0.0,
    "sorting_memory_max": 0.0,
    "sorting_memory_runs": [
        0.0,
        0.0,
        0.0,
        0.0,
        0.0
    ],
    "filtering_time_mean": 5.950766849517822,
    "filtering_time_std": 0.27295512098113367,
    "filtering_time_min": 5.643021821975708,
    "filtering_time_max": 6.38696026802063,
    "filtering_time_runs": [
        5.837937593460083,
        6.38696026802063,
        5.952802896499634,
        5.643021821975708,
        5.933111667633057
    ],
    "filtering_memory_mean": -5.77734375,
    "filtering_memory_std": 69.17439880661304,
    "filtering_memory_min": -112.23828125,
    "filtering_memory_max": 81.8359375,
    "filtering_memory_runs": [
        -1.99609375,
        81.8359375,
        2.890625,
        0.62109375,
        -112.23828125
    ],
    "correlation_time_mean": 6.746046018600464,
    "correlation_time_std": 0.3089236506154283,
    "correlation_time_min": 6.482975721359253,
    "correlation_time_max": 7.253478765487671,
    "correlation_time_runs": [
        6.804222345352173,
        7.253478765487671,
        6.649053573608398,
        6.482975721359253,
        6.540499687194824
    ],
    "correlation_memory_mean": -11.2625,
    "correlation_memory_std": 83.54703295385819,
    "correlation_memory_min": -93.828125,
    "correlation_memory_max": 113.64453125,
    "correlation_memory_runs": [
        2.6640625,
        -82.55078125,
        -93.828125,
        3.7578125,
        113.64453125
    ]
}