{
    "memory_size_gb": 1.2386591471731663,
    "row_count": 10000000,
    "average_filtered_value": 7502.053136843133,
    "total_operation_time_mean": 16.405526638031006,
    "loading_time_mean": 10.763798570632934,
    "loading_time_std": 3.553079765520351,
    "loading_time_min": 8.163094758987427,
    "loading_time_max": 16.445231914520264,
    "loading_time_runs": [
        8.72688889503479,
        8.163094758987427,
        8.403223752975464,
        16.445231914520264,
        12.080553531646729
    ],
    "loading_memory_mean": 551.95625,
    "loading_memory_std": 56.90203673567378,
    "loading_memory_min": 460.88671875,
    "loading_memory_max": 611.5234375,
    "loading_memory_runs": [
        611.5234375,
        578.48046875,
        568.47265625,
        460.88671875,
        540.41796875
    ],
    "cleaning_time_mean": 0.7592608451843261,
    "cleaning_time_std": 0.09701674393814827,
    "cleaning_time_min": 0.6737315654754639,
    "cleaning_time_max": 0.9066598415374756,
    "cleaning_time_runs": [
        0.6917986869812012,
        0.7171099185943604,
        0.6737315654754639,
        0.9066598415374756,
        0.8070042133331299
    ],
    "cleaning_memory_mean": 381.4765625,
    "cleaning_memory_std": 0.0,
    "cleaning_memory_min": 381.4765625,
    "cleaning_memory_max": 381.4765625,
    "cleaning_memory_runs": [
        381.4765625,
        381.4765625,
        381.4765625,
        381.4765625,
        381.4765625
    ],
    "aggregation_time_mean": 1.1671960353851318,
    "aggregation_time_std": 0.15306546653522118,
    "aggregation_time_min": 0.9959871768951416,
    "aggregation_time_max": 1.3649191856384277,
    "aggregation_time_runs": [
        1.3649191856384277,
        1.1157121658325195,
        0.9959871768951416,
        1.2853853702545166,
        1.0739762783050537
    ],
    "aggregation_memory_mean": 0.028125,
    "aggregation_memory_std": 0.06288941186718158,
    "aggregation_memory_min": 0.0,
    "aggregation_memory_max": 0.140625,
    "aggregation_memory_runs": [
        0.0,
        0.0,
        0.0,
        0.140625,
        0.0
    ],
    "sorting_time_mean": 2.1891945362091065,
    "sorting_time_std": 0.18835157981031708,
    "sorting_time_min": 1.9113085269927979,
    "sorting_time_max": 2.420450210571289,
    "sorting_time_runs": [
        2.189457893371582,
        1.9113085269927979,
        2.141207695007324,
        2.420450210571289,
        2.283548355102539
    ],
    "sorting_memory_mean": 457.7734375,
    "sorting_memory_std": 0.0,
    "sorting_memory_min": 457.7734375,
    "sorting_memory_max": 457.7734375,
    "sorting_memory_runs": [
        457.7734375,
        457.7734375,
        457.7734375,
        457.7734375,
        457.7734375
    ],
    "filtering_time_mean": 0.2102656364440918,
    "filtering_time_std": 0.0365863799995537,
    "filtering_time_min": 0.16965103149414062,
    "filtering_time_max": 0.25052642822265625,
    "filtering_time_runs": [
        0.17603039741516113,
        0.16965103149414062,
        0.2400805950164795,
        0.25052642822265625,
        0.21503973007202148
    ],
    "filtering_memory_mean": 228.86328125,
    "filtering_memory_std": 0.0,
    "filtering_memory_min": 228.86328125,
    "filtering_memory_max": 228.86328125,
    "filtering_memory_runs": [
        228.86328125,
        228.86328125,
        228.86328125,
        228.86328125,
        228.86328125
    ],
    "correlation_time_mean": 1.3158110141754151,
    "correlation_time_std": 0.46471257218848805,
    "correlation_time_min": 0.9725675582885742,
    "correlation_time_max": 2.099780559539795,
    "correlation_time_runs": [
        1.015028953552246,
        0.9725675582885742,
        1.3706283569335938,
        2.099780559539795,
        1.1210496425628662
    ],
    "correlation_memory_mean": 0.0,
    "correlation_memory_std": 0.0,
    "correlation_memory_min": 0.0,
    "correlation_memory_max": 0.0,
    "correlation_memory_runs": [
        0.0,
        0.0,
        0.0,
        0.0,
        0.0
    ]
}