{
    "memory_size_gb": 0.2980232238769531,
    "row_count": 5000000,
    "average_filtered_value": 7498.603640230923,
    "total_operation_time_mean": 0.9971561431884766,
    "loading_time_mean": 0.23912606239318848,
    "loading_time_std": 0.018404837943912254,
    "loading_time_min": 0.2268228530883789,
    "loading_time_max": 0.2711036205291748,
    "loading_time_runs": [
        0.2711036205291748,
        0.22998738288879395,
        0.23844099044799805,
        0.22927546501159668,
        0.2268228530883789
    ],
    "loading_memory_mean": 184.69453125,
    "loading_memory_std": 91.05166427038141,
    "loading_memory_min": 70.35546875,
    "loading_memory_max": 318.50390625,
    "loading_memory_runs": [
        318.50390625,
        207.30859375,
        70.35546875,
        183.48046875,
        143.82421875
    ],
    "cleaning_time_mean": 0.006784629821777344,
    "cleaning_time_std": 0.001856775785969614,
    "cleaning_time_min": 0.004003047943115234,
    "cleaning_time_max": 0.00918722152709961,
    "cleaning_time_runs": [
        0.00918722152709961,
        0.007075309753417969,
        0.004003047943115234,
        0.007138967514038086,
        0.00651860237121582
    ],
    "cleaning_memory_mean": -52.2546875,
    "cleaning_memory_std": 17.7158302767615,
    "cleaning_memory_min": -69.91796875,
    "cleaning_memory_max": -25.015625,
    "cleaning_memory_runs": [
        -69.91796875,
        -45.80078125,
        -25.015625,
        -64.2265625,
        -56.3125
    ],
    "aggregation_time_mean": 0.21692757606506347,
    "aggregation_time_std": 0.020204633381591782,
    "aggregation_time_min": 0.19757556915283203,
    "aggregation_time_max": 0.24895143508911133,
    "aggregation_time_runs": [
        0.24895143508911133,
        0.2030191421508789,
        0.19757556915283203,
        0.2131485939025879,
        0.22194314002990723
    ],
    "aggregation_memory_mean": 7.965625,
    "aggregation_memory_std": 183.73088137029117,
    "aggregation_memory_min": -170.87890625,
    "aggregation_memory_max": 287.65625,
    "aggregation_memory_runs": [
        287.65625,
        88.2890625,
        -113.8671875,
        -170.87890625,
        -51.37109375
    ],
    "sorting_time_mean": 0.2901662826538086,
    "sorting_time_std": 0.006487487585896145,
    "sorting_time_min": 0.2835876941680908,
    "sorting_time_max": 0.30028295516967773,
    "sorting_time_runs": [
        0.30028295516967773,
        0.28850793838500977,
        0.2862091064453125,
        0.29224371910095215,
        0.2835876941680908
    ],
    "sorting_memory_mean": 48.8390625,
    "sorting_memory_std": 115.52304416660992,
    "sorting_memory_min": -26.66015625,
    "sorting_memory_max": 251.97265625,
    "sorting_memory_runs": [
        251.97265625,
        26.57421875,
        -26.66015625,
        -17.48046875,
        9.7890625
    ],
    "filtering_time_mean": 0.03751945495605469,
    "filtering_time_std": 0.006755324784331874,
    "filtering_time_min": 0.03069281578063965,
    "filtering_time_max": 0.04573178291320801,
    "filtering_time_runs": [
        0.04573178291320801,
        0.043204307556152344,
        0.03069281578063965,
        0.031620025634765625,
        0.03634834289550781
    ],
    "filtering_memory_mean": 50.353125,
    "filtering_memory_std": 47.302115030564394,
    "filtering_memory_min": -23.78515625,
    "filtering_memory_max": 105.65625,
    "filtering_memory_runs": [
        -23.78515625,
        43.40625,
        60.55859375,
        105.65625,
        65.9296875
    ],
    "correlation_time_mean": 0.20663213729858398,
    "correlation_time_std": 0.004523140967866844,
    "correlation_time_min": 0.19929289817810059,
    "correlation_time_max": 0.2103426456451416,
    "correlation_time_runs": [
        0.20786738395690918,
        0.2103426456451416,
        0.19929289817810059,
        0.2056138515472412,
        0.21004390716552734
    ],
    "correlation_memory_mean": 0.1,
    "correlation_memory_std": 0.05972859351108563,
    "correlation_memory_min": 0.03515625,
    "correlation_memory_max": 0.16015625,
    "correlation_memory_runs": [
        0.15625,
        0.10546875,
        0.03515625,
        0.16015625,
        0.04296875
    ]
}