{
    "memory_size_gb": 1.2386591471731663,
    "row_count": 10000000,
    "average_filtered_value": 7502.053136843133,
    "total_operation_time_mean": 15.010902786254881,
    "loading_time_mean": 8.92856478691101,
    "loading_time_std": 0.7521305709335439,
    "loading_time_min": 8.388631343841553,
    "loading_time_max": 10.20689058303833,
    "loading_time_runs": [
        8.407763242721558,
        10.20689058303833,
        8.388631343841553,
        8.674425840377808,
        8.965112924575806
    ],
    "loading_memory_mean": 570.4828125,
    "loading_memory_std": 20.778784327115794,
    "loading_memory_min": 552.48046875,
    "loading_memory_max": 602.49609375,
    "loading_memory_runs": [
        602.49609375,
        578.4765625,
        565.484375,
        553.4765625,
        552.48046875
    ],
    "cleaning_time_mean": 0.8529898643493652,
    "cleaning_time_std": 0.09799627711200386,
    "cleaning_time_min": 0.741330623626709,
    "cleaning_time_max": 0.9659163951873779,
    "cleaning_time_runs": [
        0.9385781288146973,
        0.9659163951873779,
        0.7771923542022705,
        0.8419318199157715,
        0.741330623626709
    ],
    "cleaning_memory_mean": 381.4765625,
    "cleaning_memory_std": 0.0,
    "cleaning_memory_min": 381.4765625,
    "cleaning_memory_max": 381.4765625,
    "cleaning_memory_runs": [
        381.4765625,
        381.4765625,
        381.4765625,
        381.4765625,
        381.4765625
    ],
    "aggregation_time_mean": 1.2524964809417725,
    "aggregation_time_std": 0.15425768067027706,
    "aggregation_time_min": 1.0356266498565674,
    "aggregation_time_max": 1.4414849281311035,
    "aggregation_time_runs": [
        1.1753005981445312,
        1.2832090854644775,
        1.3268611431121826,
        1.4414849281311035,
        1.0356266498565674
    ],
    "aggregation_memory_mean": 0.0,
    "aggregation_memory_std": 0.0,
    "aggregation_memory_min": 0.0,
    "aggregation_memory_max": 0.0,
    "aggregation_memory_runs": [
        0.0,
        0.0,
        0.0,
        0.0,
        0.0
    ],
    "sorting_time_mean": 2.4769402503967286,
    "sorting_time_std": 0.4799442024453297,
    "sorting_time_min": 1.9565010070800781,
    "sorting_time_max": 3.1836998462677,
    "sorting_time_runs": [
        2.7189114093780518,
        2.243393898010254,
        2.2821950912475586,
        3.1836998462677,
        1.9565010070800781
    ],
    "sorting_memory_mean": 457.7734375,
    "sorting_memory_std": 0.0,
    "sorting_memory_min": 457.7734375,
    "sorting_memory_max": 457.7734375,
    "sorting_memory_runs": [
        457.7734375,
        457.7734375,
        457.7734375,
        457.7734375,
        457.7734375
    ],
    "filtering_time_mean": 0.22361888885498046,
    "filtering_time_std": 0.07427634394151944,
    "filtering_time_min": 0.17499470710754395,
    "filtering_time_max": 0.3547186851501465,
    "filtering_time_runs": [
        0.20484566688537598,
        0.1999835968017578,
        0.17499470710754395,
        0.3547186851501465,
        0.18355178833007812
    ],
    "filtering_memory_mean": 228.86328125,
    "filtering_memory_std": 0.0,
    "filtering_memory_min": 228.86328125,
    "filtering_memory_max": 228.86328125,
    "filtering_memory_runs": [
        228.86328125,
        228.86328125,
        228.86328125,
        228.86328125,
        228.86328125
    ],
    "correlation_time_mean": 1.2762925148010253,
    "correlation_time_std": 0.44567930885956475,
    "correlation_time_min": 0.9899897575378418,
    "correlation_time_max": 2.0602874755859375,
    "correlation_time_runs": [
        1.08091139793396,
        1.041372299194336,
        1.2089016437530518,
        2.0602874755859375,
        0.9899897575378418
    ],
    "correlation_memory_mean": 0.0,
    "correlation_memory_std": 0.0,
    "correlation_memory_min": 0.0,
    "correlation_memory_max": 0.0,
    "correlation_memory_runs": [
        0.0,
        0.0,
        0.0,
        0.0,
        0.0
    ]
}