{
    "row_count": 10000000,
    "memory_size_gb": 0.47497475892000496,
    "average_filtered_value": 7502.053136843133,
    "total_operation_time_mean": 29.79024443626404,
    "loading_time_mean": 8.350934553146363,
    "loading_time_std": 0.31661022174223974,
    "loading_time_min": 7.877366304397583,
    "loading_time_max": 8.714390516281128,
    "loading_time_runs": [
        8.714390516281128,
        8.477339267730713,
        7.877366304397583,
        8.462141036987305,
        8.223435640335083
    ],
    "loading_memory_mean": -113.64921875,
    "loading_memory_std": 156.26884713968022,
    "loading_memory_min": -294.78515625,
    "loading_memory_max": 48.28125,
    "loading_memory_runs": [
        -11.18359375,
        -44.1875,
        -266.37109375,
        -294.78515625,
        48.28125
    ],
    "cleaning_time_mean": 0.0005221843719482421,
    "cleaning_time_std": 0.0007467129905163066,
    "cleaning_time_min": 0.0,
    "cleaning_time_max": 0.00160980224609375,
    "cleaning_time_runs": [
        0.0,
        0.001001119613647461,
        0.0,
        0.00160980224609375,
        0.0
    ],
    "cleaning_memory_mean": -0.2,
    "cleaning_memory_std": 0.4472135954999579,
    "cleaning_memory_min": -1.0,
    "cleaning_memory_max": 0.0,
    "cleaning_memory_runs": [
        -1.0,
        0.0,
        0.0,
        0.0,
        0.0
    ],
    "aggregation_time_mean": 0.007448339462280273,
    "aggregation_time_std": 0.0014016430825505443,
    "aggregation_time_min": 0.006101369857788086,
    "aggregation_time_max": 0.009761333465576172,
    "aggregation_time_runs": [
        0.009761333465576172,
        0.006762504577636719,
        0.007611989974975586,
        0.006101369857788086,
        0.007004499435424805
    ],
    "aggregation_memory_mean": -9.4,
    "aggregation_memory_std": 3.507135583350036,
    "aggregation_memory_min": -15.0,
    "aggregation_memory_max": -6.0,
    "aggregation_memory_runs": [
        -15.0,
        -9.0,
        -10.0,
        -6.0,
        -7.0
    ],
    "sorting_time_mean": 0.00020008087158203126,
    "sorting_time_std": 0.0004473944298548278,
    "sorting_time_min": 0.0,
    "sorting_time_max": 0.0010004043579101562,
    "sorting_time_runs": [
        0.0,
        0.0,
        0.0010004043579101562,
        0.0,
        0.0
    ],
    "sorting_memory_mean": -0.4,
    "sorting_memory_std": 0.5477225575051661,
    "sorting_memory_min": -1.0,
    "sorting_memory_max": 0.0,
    "sorting_memory_runs": [
        -1.0,
        0.0,
        -1.0,
        0.0,
        0.0
    ],
    "filtering_time_mean": 9.8191068649292,
    "filtering_time_std": 0.9041079795938645,
    "filtering_time_min": 8.445194721221924,
    "filtering_time_max": 10.89505124092102,
    "filtering_time_runs": [
        10.27368688583374,
        9.68861174583435,
        8.445194721221924,
        10.89505124092102,
        9.792989730834961
    ],
    "filtering_memory_mean": 133.921875,
    "filtering_memory_std": 131.26218190653677,
    "filtering_memory_min": 8.23828125,
    "filtering_memory_max": 290.80078125,
    "filtering_memory_runs": [
        50.375,
        59.6953125,
        260.5,
        290.80078125,
        8.23828125
    ],
    "correlation_time_mean": 11.612032413482666,
    "correlation_time_std": 0.6150996693805727,
    "correlation_time_min": 10.642089605331421,
    "correlation_time_max": 12.167686462402344,
    "correlation_time_runs": [
        12.167686462402344,
        11.5731840133667,
        10.642089605331421,
        12.121155500411987,
        11.556046485900879
    ],
    "correlation_memory_mean": 8.39765625,
    "correlation_memory_std": 13.28124839154402,
    "correlation_memory_min": -2.7578125,
    "correlation_memory_max": 28.34375,
    "correlation_memory_runs": [
        15.71484375,
        -2.7578125,
        28.34375,
        0.3046875,
        0.3828125
    ]
}