{
    "memory_size_gb": 0.04377216100692749,
    "row_count": 1000000,
    "average_filtered_value": 7499.858703990418,
    "total_operation_time_mean": 0.7906026045481364,
    "loading_time_mean": 0.0464166005452474,
    "loading_time_std": 0.01131018283494472,
    "loading_time_min": 0.03343844413757324,
    "loading_time_max": 0.0541689395904541,
    "loading_time_runs": [
        0.03343844413757324,
        0.0541689395904541,
        0.051642417907714844
    ],
    "loading_memory_mean": 61.473958333333336,
    "loading_memory_std": 31.596883666817952,
    "loading_memory_min": 31.15625,
    "loading_memory_max": 94.2109375,
    "loading_memory_runs": [
        94.2109375,
        59.0546875,
        31.15625
    ],
    "cleaning_time_mean": 0.007512489954630534,
    "cleaning_time_std": 0.003932238212988932,
    "cleaning_time_min": 0.00437164306640625,
    "cleaning_time_max": 0.011922597885131836,
    "cleaning_time_runs": [
        0.011922597885131836,
        0.00437164306640625,
        0.006243228912353516
    ],
    "cleaning_memory_mean": -1.5377604166666667,
    "cleaning_memory_std": 3.074827541901317,
    "cleaning_memory_min": -5.0859375,
    "cleaning_memory_max": 0.34765625,
    "cleaning_memory_runs": [
        -5.0859375,
        0.34765625,
        0.125
    ],
    "aggregation_time_mean": 0.38003770510355633,
    "aggregation_time_std": 0.018937323462170173,
    "aggregation_time_min": 0.3581714630126953,
    "aggregation_time_max": 0.39112186431884766,
    "aggregation_time_runs": [
        0.390819787979126,
        0.39112186431884766,
        0.3581714630126953
    ],
    "aggregation_memory_mean": 9.828125,
    "aggregation_memory_std": 32.628693002565456,
    "aggregation_memory_min": -22.24609375,
    "aggregation_memory_max": 42.984375,
    "aggregation_memory_runs": [
        8.74609375,
        42.984375,
        -22.24609375
    ],
    "sorting_time_mean": 0.26517875989278156,
    "sorting_time_std": 0.022482826976859126,
    "sorting_time_min": 0.25001978874206543,
    "sorting_time_max": 0.29101014137268066,
    "sorting_time_runs": [
        0.25450634956359863,
        0.25001978874206543,
        0.29101014137268066
    ],
    "sorting_memory_mean": -5.716145833333333,
    "sorting_memory_std": 3.820077505340683,
    "sorting_memory_min": -9.0078125,
    "sorting_memory_max": -1.52734375,
    "sorting_memory_runs": [
        -1.52734375,
        -9.0078125,
        -6.61328125
    ],
    "filtering_time_mean": 0.027288357416788738,
    "filtering_time_std": 0.005408763561455036,
    "filtering_time_min": 0.0212249755859375,
    "filtering_time_max": 0.0316166877746582,
    "filtering_time_runs": [
        0.029023408889770508,
        0.0316166877746582,
        0.0212249755859375
    ],
    "filtering_memory_mean": 15.125,
    "filtering_memory_std": 9.11811715349198,
    "filtering_memory_min": 6.49609375,
    "filtering_memory_max": 24.6640625,
    "filtering_memory_runs": [
        24.6640625,
        14.21484375,
        6.49609375
    ],
    "correlation_time_mean": 0.06416869163513184,
    "correlation_time_std": 0.004449967061706451,
    "correlation_time_min": 0.059721946716308594,
    "correlation_time_max": 0.06862187385559082,
    "correlation_time_runs": [
        0.0641622543334961,
        0.059721946716308594,
        0.06862187385559082
    ],
    "correlation_memory_mean": 0.0,
    "correlation_memory_std": 0.0,
    "correlation_memory_min": 0.0,
    "correlation_memory_max": 0.0,
    "correlation_memory_runs": [
        0.0,
        0.0,
        0.0
    ]
}