{
    "memory_size_gb": 0.059604644775390625,
    "row_count": 1000000,
    "average_filtered_value": 7499.858703990418,
    "total_operation_time_mean": 0.26104140281677246,
    "loading_time_mean": 0.12102365493774414,
    "loading_time_std": 0.008102860229976782,
    "loading_time_min": 0.11168527603149414,
    "loading_time_max": 0.12619519233703613,
    "loading_time_runs": [
        0.12619519233703613,
        0.12519049644470215,
        0.11168527603149414
    ],
    "loading_memory_mean": 27.861979166666668,
    "loading_memory_std": 5.545029310740039,
    "loading_memory_min": 21.80078125,
    "loading_memory_max": 32.6796875,
    "loading_memory_runs": [
        29.10546875,
        21.80078125,
        32.6796875
    ],
    "cleaning_time_mean": 0.016341527303059895,
    "cleaning_time_std": 0.005114348913112399,
    "cleaning_time_min": 0.012032747268676758,
    "cleaning_time_max": 0.021993398666381836,
    "cleaning_time_runs": [
        0.012032747268676758,
        0.014998435974121094,
        0.021993398666381836
    ],
    "cleaning_memory_mean": -153.34505208333334,
    "cleaning_memory_std": 10.816501707475737,
    "cleaning_memory_min": -165.4765625,
    "cleaning_memory_max": -144.70703125,
    "cleaning_memory_runs": [
        -144.70703125,
        -165.4765625,
        -149.8515625
    ],
    "aggregation_time_mean": 0.043854316075642906,
    "aggregation_time_std": 0.002020899113406317,
    "aggregation_time_min": 0.04200267791748047,
    "aggregation_time_max": 0.04601001739501953,
    "aggregation_time_runs": [
        0.04200267791748047,
        0.04601001739501953,
        0.04355025291442871
    ],
    "aggregation_memory_mean": 72.06380208333333,
    "aggregation_memory_std": 29.411218615978633,
    "aggregation_memory_min": 41.421875,
    "aggregation_memory_max": 100.06640625,
    "aggregation_memory_runs": [
        100.06640625,
        41.421875,
        74.703125
    ],
    "sorting_time_mean": 0.04439194997151693,
    "sorting_time_std": 0.012920975216776069,
    "sorting_time_min": 0.02953958511352539,
    "sorting_time_max": 0.05304574966430664,
    "sorting_time_runs": [
        0.05059051513671875,
        0.02953958511352539,
        0.05304574966430664
    ],
    "sorting_memory_mean": 67.01953125,
    "sorting_memory_std": 3.1878039645202367,
    "sorting_memory_min": 64.91796875,
    "sorting_memory_max": 70.6875,
    "sorting_memory_runs": [
        65.453125,
        70.6875,
        64.91796875
    ],
    "filtering_time_mean": 0.005316893259684245,
    "filtering_time_std": 0.0005762642818081489,
    "filtering_time_min": 0.004959583282470703,
    "filtering_time_max": 0.0059816837310791016,
    "filtering_time_runs": [
        0.0059816837310791016,
        0.00500941276550293,
        0.004959583282470703
    ],
    "filtering_memory_mean": -2.9375,
    "filtering_memory_std": 7.681292749321643,
    "filtering_memory_min": -11.78125,
    "filtering_memory_max": 2.0703125,
    "filtering_memory_runs": [
        -11.78125,
        0.8984375,
        2.0703125
    ],
    "correlation_time_mean": 0.030113061269124348,
    "correlation_time_std": 0.0010123185018892132,
    "correlation_time_min": 0.029014110565185547,
    "correlation_time_max": 0.03100752830505371,
    "correlation_time_runs": [
        0.029014110565185547,
        0.03100752830505371,
        0.03031754493713379
    ],
    "correlation_memory_mean": 61.158854166666664,
    "correlation_memory_std": 0.10113592306839263,
    "correlation_memory_min": 61.08203125,
    "correlation_memory_max": 61.2734375,
    "correlation_memory_runs": [
        61.2734375,
        61.12109375,
        61.08203125
    ]
}