{
    "memory_size_gb": 0.5960464477539062,
    "row_count": 10000000,
    "average_filtered_value": 7502.053136843133,
    "total_operation_time_mean": 2.122615098953247,
    "loading_time_mean": 0.47550578117370607,
    "loading_time_std": 0.0462911547925012,
    "loading_time_min": 0.4332926273345947,
    "loading_time_max": 0.553034782409668,
    "loading_time_runs": [
        0.553034782409668,
        0.4332926273345947,
        0.4528200626373291,
        0.45958900451660156,
        0.4787924289703369
    ],
    "loading_memory_mean": 286.44375,
    "loading_memory_std": 19.458226497555625,
    "loading_memory_min": 268.8828125,
    "loading_memory_max": 319.4453125,
    "loading_memory_runs": [
        319.4453125,
        280.875,
        277.19140625,
        268.8828125,
        285.82421875
    ],
    "cleaning_time_mean": 0.017180871963500977,
    "cleaning_time_std": 0.006863834625724665,
    "cleaning_time_min": 0.006016969680786133,
    "cleaning_time_max": 0.024065732955932617,
    "cleaning_time_runs": [
        0.02110600471496582,
        0.018045425415039062,
        0.006016969680786133,
        0.024065732955932617,
        0.01667022705078125
    ],
    "cleaning_memory_mean": -176.61328125,
    "cleaning_memory_std": 86.59018416068277,
    "cleaning_memory_min": -272.80859375,
    "cleaning_memory_max": -44.40625,
    "cleaning_memory_runs": [
        -226.9609375,
        -187.07421875,
        -44.40625,
        -272.80859375,
        -151.81640625
    ],
    "aggregation_time_mean": 0.484985876083374,
    "aggregation_time_std": 0.03883691473969665,
    "aggregation_time_min": 0.45173048973083496,
    "aggregation_time_max": 0.5515878200531006,
    "aggregation_time_runs": [
        0.4821310043334961,
        0.45173048973083496,
        0.4727783203125,
        0.4667017459869385,
        0.5515878200531006
    ],
    "aggregation_memory_mean": -416.09140625,
    "aggregation_memory_std": 19.237845133064397,
    "aggregation_memory_min": -434.09765625,
    "aggregation_memory_max": -388.98828125,
    "aggregation_memory_runs": [
        -434.09765625,
        -419.67578125,
        -432.875,
        -388.98828125,
        -404.8203125
    ],
    "sorting_time_mean": 0.6684375762939453,
    "sorting_time_std": 0.05905872778112387,
    "sorting_time_min": 0.6309270858764648,
    "sorting_time_max": 0.7731630802154541,
    "sorting_time_runs": [
        0.639930248260498,
        0.6463038921356201,
        0.6518635749816895,
        0.6309270858764648,
        0.7731630802154541
    ],
    "sorting_memory_mean": -2.01328125,
    "sorting_memory_std": 12.90118666521051,
    "sorting_memory_min": -15.3515625,
    "sorting_memory_max": 13.1640625,
    "sorting_memory_runs": [
        13.1640625,
        -15.3515625,
        -13.48828125,
        -3.49609375,
        9.10546875
    ],
    "filtering_time_mean": 0.045859146118164065,
    "filtering_time_std": 0.003380003199157652,
    "filtering_time_min": 0.042224884033203125,
    "filtering_time_max": 0.04978632926940918,
    "filtering_time_runs": [
        0.042224884033203125,
        0.044248342514038086,
        0.04391002655029297,
        0.04912614822387695,
        0.04978632926940918
    ],
    "filtering_memory_mean": 299.5828125,
    "filtering_memory_std": 9.11356061040424,
    "filtering_memory_min": 294.21484375,
    "filtering_memory_max": 315.7109375,
    "filtering_memory_runs": [
        297.65625,
        315.7109375,
        295.69921875,
        294.6328125,
        294.21484375
    ],
    "correlation_time_mean": 0.43064584732055666,
    "correlation_time_std": 0.03442574103137168,
    "correlation_time_min": 0.3921077251434326,
    "correlation_time_max": 0.4846174716949463,
    "correlation_time_runs": [
        0.3921077251434326,
        0.42568373680114746,
        0.4139437675476074,
        0.4846174716949463,
        0.4368765354156494
    ],
    "correlation_memory_mean": 22.74296875,
    "correlation_memory_std": 41.876436342116456,
    "correlation_memory_min": -1.59765625,
    "correlation_memory_max": 95.96875,
    "correlation_memory_runs": [
        0.0234375,
        19.69921875,
        95.96875,
        -0.37890625,
        -1.59765625
    ]
}