{
    "memory_size_gb": 0.6193296350538731,
    "row_count": 5000000,
    "average_filtered_value": 7498.603640230923,
    "total_operation_time_mean": 6.153785419464111,
    "loading_time_mean": 3.861110305786133,
    "loading_time_std": 0.11553386120122151,
    "loading_time_min": 3.7577860355377197,
    "loading_time_max": 4.047463417053223,
    "loading_time_runs": [
        4.047463417053223,
        3.7577860355377197,
        3.7830770015716553,
        3.8278942108154297,
        3.8893308639526367
    ],
    "loading_memory_mean": 278.434375,
    "loading_memory_std": 21.056977568523198,
    "loading_memory_min": 256.00390625,
    "loading_memory_max": 309.15234375,
    "loading_memory_runs": [
        309.15234375,
        289.45703125,
        271.85546875,
        265.703125,
        256.00390625
    ],
    "cleaning_time_mean": 0.35375490188598635,
    "cleaning_time_std": 0.012269062575847851,
    "cleaning_time_min": 0.34288954734802246,
    "cleaning_time_max": 0.373776912689209,
    "cleaning_time_runs": [
        0.3446345329284668,
        0.34288954734802246,
        0.3537149429321289,
        0.373776912689209,
        0.3537585735321045
    ],
    "cleaning_memory_mean": 190.7421875,
    "cleaning_memory_std": 0.0,
    "cleaning_memory_min": 190.7421875,
    "cleaning_memory_max": 190.7421875,
    "cleaning_memory_runs": [
        190.7421875,
        190.7421875,
        190.7421875,
        190.7421875,
        190.7421875
    ],
    "aggregation_time_mean": 0.5007872104644775,
    "aggregation_time_std": 0.00359099706168774,
    "aggregation_time_min": 0.4967489242553711,
    "aggregation_time_max": 0.5054492950439453,
    "aggregation_time_runs": [
        0.5018041133880615,
        0.5054492950439453,
        0.4967489242553711,
        0.5023288726806641,
        0.4976048469543457
    ],
    "aggregation_memory_mean": 0.5421875,
    "aggregation_memory_std": 0.17667740315376002,
    "aggregation_memory_min": 0.27734375,
    "aggregation_memory_max": 0.7265625,
    "aggregation_memory_runs": [
        0.5234375,
        0.7265625,
        0.6796875,
        0.27734375,
        0.50390625
    ],
    "sorting_time_mean": 0.875452709197998,
    "sorting_time_std": 0.0531703784386259,
    "sorting_time_min": 0.8457908630371094,
    "sorting_time_max": 0.9685697555541992,
    "sorting_time_runs": [
        0.8709454536437988,
        0.9685697555541992,
        0.8460078239440918,
        0.8457908630371094,
        0.845949649810791
    ],
    "sorting_memory_mean": 228.890625,
    "sorting_memory_std": 0.0,
    "sorting_memory_min": 228.890625,
    "sorting_memory_max": 228.890625,
    "sorting_memory_runs": [
        228.890625,
        228.890625,
        228.890625,
        228.890625,
        228.890625
    ],
    "filtering_time_mean": 0.0903101921081543,
    "filtering_time_std": 0.007267244775116901,
    "filtering_time_min": 0.08482098579406738,
    "filtering_time_max": 0.10277533531188965,
    "filtering_time_runs": [
        0.08482098579406738,
        0.10277533531188965,
        0.08578157424926758,
        0.09014415740966797,
        0.0880289077758789
    ],
    "filtering_memory_mean": 114.4625,
    "filtering_memory_std": 0.002139541240254555,
    "filtering_memory_min": 114.4609375,
    "filtering_memory_max": 114.46484375,
    "filtering_memory_runs": [
        114.46484375,
        114.4609375,
        114.46484375,
        114.4609375,
        114.4609375
    ],
    "correlation_time_mean": 0.4723701000213623,
    "correlation_time_std": 0.013232984976087415,
    "correlation_time_min": 0.4556434154510498,
    "correlation_time_max": 0.4916980266571045,
    "correlation_time_runs": [
        0.4769434928894043,
        0.4916980266571045,
        0.46831202507019043,
        0.4556434154510498,
        0.4692535400390625
    ],
    "correlation_memory_mean": 0.00078125,
    "correlation_memory_std": 0.0017469281074217107,
    "correlation_memory_min": 0.0,
    "correlation_memory_max": 0.00390625,
    "correlation_memory_runs": [
        0.00390625,
        0.0,
        0.0,
        0.0,
        0.0
    ]
}