{
    "memory_size_gb": 0.4377216100692749,
    "row_count": 10000000,
    "average_filtered_value": 7502.053136843133,
    "total_operation_time_mean": 6.969082498550415,
    "loading_time_mean": 0.49904909133911135,
    "loading_time_std": 0.09182019189023863,
    "loading_time_min": 0.3954939842224121,
    "loading_time_max": 0.5986459255218506,
    "loading_time_runs": [
        0.5101845264434814,
        0.5986459255218506,
        0.4150526523590088,
        0.3954939842224121,
        0.5758683681488037
    ],
    "loading_memory_mean": -171.68203125,
    "loading_memory_std": 381.50176186210996,
    "loading_memory_min": -842.87890625,
    "loading_memory_max": 61.80859375,
    "loading_memory_runs": [
        -103.859375,
        61.80859375,
        -842.87890625,
        58.78125,
        -32.26171875
    ],
    "cleaning_time_mean": 0.05964541435241699,
    "cleaning_time_std": 0.012764837987993617,
    "cleaning_time_min": 0.0467226505279541,
    "cleaning_time_max": 0.08091068267822266,
    "cleaning_time_runs": [
        0.05932974815368652,
        0.05528545379638672,
        0.08091068267822266,
        0.0467226505279541,
        0.05597853660583496
    ],
    "cleaning_memory_mean": 31.78515625,
    "cleaning_memory_std": 92.63391865200705,
    "cleaning_memory_min": -30.36328125,
    "cleaning_memory_max": 193.53515625,
    "cleaning_memory_runs": [
        4.0546875,
        -30.36328125,
        193.53515625,
        17.609375,
        -25.91015625
    ],
    "aggregation_time_mean": 2.756399154663086,
    "aggregation_time_std": 0.3122018625610634,
    "aggregation_time_min": 2.494539499282837,
    "aggregation_time_max": 3.15045428276062,
    "aggregation_time_runs": [
        3.0360827445983887,
        2.589092493057251,
        2.494539499282837,
        2.511826753616333,
        3.15045428276062
    ],
    "aggregation_memory_mean": 7.41953125,
    "aggregation_memory_std": 18.787552848330424,
    "aggregation_memory_min": -10.015625,
    "aggregation_memory_max": 39.53125,
    "aggregation_memory_runs": [
        -10.015625,
        2.60546875,
        4.05859375,
        0.91796875,
        39.53125
    ],
    "sorting_time_mean": 2.9681469440460204,
    "sorting_time_std": 0.3714513086069912,
    "sorting_time_min": 2.497568130493164,
    "sorting_time_max": 3.3780975341796875,
    "sorting_time_runs": [
        3.229663372039795,
        2.497568130493164,
        3.059837579727173,
        3.3780975341796875,
        2.675568103790283
    ],
    "sorting_memory_mean": 118.55234375,
    "sorting_memory_std": 167.0029473781328,
    "sorting_memory_min": 0.99609375,
    "sorting_memory_max": 402.03125,
    "sorting_memory_runs": [
        130.0625,
        2.390625,
        402.03125,
        57.28125,
        0.99609375
    ],
    "filtering_time_mean": 0.1883915901184082,
    "filtering_time_std": 0.03613804702587997,
    "filtering_time_min": 0.1459484100341797,
    "filtering_time_max": 0.22692036628723145,
    "filtering_time_runs": [
        0.19264435768127441,
        0.1572401523590088,
        0.21920466423034668,
        0.22692036628723145,
        0.1459484100341797
    ],
    "filtering_memory_mean": 65.709375,
    "filtering_memory_std": 31.511541474414578,
    "filtering_memory_min": 23.07421875,
    "filtering_memory_max": 103.31640625,
    "filtering_memory_runs": [
        89.04296875,
        52.82421875,
        103.31640625,
        23.07421875,
        60.2890625
    ],
    "correlation_time_mean": 0.4974503040313721,
    "correlation_time_std": 0.07768158265048432,
    "correlation_time_min": 0.42275285720825195,
    "correlation_time_max": 0.6122703552246094,
    "correlation_time_runs": [
        0.5319187641143799,
        0.42275285720825195,
        0.48665356636047363,
        0.6122703552246094,
        0.4336559772491455
    ],
    "correlation_memory_mean": 0.0,
    "correlation_memory_std": 0.0,
    "correlation_memory_min": 0.0,
    "correlation_memory_max": 0.0,
    "correlation_memory_runs": [
        0.0,
        0.0,
        0.0,
        0.0,
        0.0
    ]
}