{
    "memory_size_gb": 0.6193296350538731,
    "row_count": 5000000,
    "average_filtered_value": 7498.603640230923,
    "total_operation_time_mean": 7.060004472732544,
    "loading_time_mean": 4.190942716598511,
    "loading_time_std": 0.3036724072452611,
    "loading_time_min": 3.9405808448791504,
    "loading_time_max": 4.692361831665039,
    "loading_time_runs": [
        4.014588832855225,
        4.692361831665039,
        4.255753993988037,
        4.0514280796051025,
        3.9405808448791504
    ],
    "loading_memory_mean": 278.29765625,
    "loading_memory_std": 17.598287785213408,
    "loading_memory_min": 259.84765625,
    "loading_memory_max": 304.22265625,
    "loading_memory_runs": [
        304.22265625,
        284.1171875,
        278.86328125,
        264.4375,
        259.84765625
    ],
    "cleaning_time_mean": 0.40265688896179197,
    "cleaning_time_std": 0.05201930357677831,
    "cleaning_time_min": 0.34827589988708496,
    "cleaning_time_max": 0.4785780906677246,
    "cleaning_time_runs": [
        0.3790159225463867,
        0.4314706325531006,
        0.4785780906677246,
        0.34827589988708496,
        0.3759438991546631
    ],
    "cleaning_memory_mean": 190.7421875,
    "cleaning_memory_std": 0.0,
    "cleaning_memory_min": 190.7421875,
    "cleaning_memory_max": 190.7421875,
    "cleaning_memory_runs": [
        190.7421875,
        190.7421875,
        190.7421875,
        190.7421875,
        190.7421875
    ],
    "aggregation_time_mean": 0.5854034900665284,
    "aggregation_time_std": 0.0669308649501758,
    "aggregation_time_min": 0.5414845943450928,
    "aggregation_time_max": 0.7027685642242432,
    "aggregation_time_runs": [
        0.5414845943450928,
        0.5760171413421631,
        0.7027685642242432,
        0.5472254753112793,
        0.5595216751098633
    ],
    "aggregation_memory_mean": 0.6515625,
    "aggregation_memory_std": 0.044055850562099014,
    "aggregation_memory_min": 0.609375,
    "aggregation_memory_max": 0.703125,
    "aggregation_memory_runs": [
        0.625,
        0.703125,
        0.6953125,
        0.609375,
        0.625
    ],
    "sorting_time_mean": 1.1881727695465087,
    "sorting_time_std": 0.4208092081130838,
    "sorting_time_min": 0.8494346141815186,
    "sorting_time_max": 1.8780760765075684,
    "sorting_time_runs": [
        1.0478734970092773,
        1.8780760765075684,
        1.2772846221923828,
        0.8494346141815186,
        0.8881950378417969
    ],
    "sorting_memory_mean": 228.890625,
    "sorting_memory_std": 0.0,
    "sorting_memory_min": 228.890625,
    "sorting_memory_max": 228.890625,
    "sorting_memory_runs": [
        228.890625,
        228.890625,
        228.890625,
        228.890625,
        228.890625
    ],
    "filtering_time_mean": 0.10968132019042968,
    "filtering_time_std": 0.021174063215826745,
    "filtering_time_min": 0.09254693984985352,
    "filtering_time_max": 0.1442112922668457,
    "filtering_time_runs": [
        0.1066281795501709,
        0.1442112922668457,
        0.11239147186279297,
        0.09262871742248535,
        0.09254693984985352
    ],
    "filtering_memory_mean": 114.4609375,
    "filtering_memory_std": 0.0,
    "filtering_memory_min": 114.4609375,
    "filtering_memory_max": 114.4609375,
    "filtering_memory_runs": [
        114.4609375,
        114.4609375,
        114.4609375,
        114.4609375,
        114.4609375
    ],
    "correlation_time_mean": 0.5831472873687744,
    "correlation_time_std": 0.09953373136357789,
    "correlation_time_min": 0.47835254669189453,
    "correlation_time_max": 0.7001144886016846,
    "correlation_time_runs": [
        0.5389809608459473,
        0.6782078742980957,
        0.7001144886016846,
        0.47835254669189453,
        0.52008056640625
    ],
    "correlation_memory_mean": 0.0078125,
    "correlation_memory_std": 0.015378921628929319,
    "correlation_memory_min": 0.0,
    "correlation_memory_max": 0.03515625,
    "correlation_memory_runs": [
        0.00390625,
        0.0,
        0.03515625,
        0.0,
        0.0
    ]
}