{
    "memory_size_gb": 0.04377216100692749,
    "row_count": 1000000,
    "average_filtered_value": 7499.858703990418,
    "total_operation_time_mean": 0.49039419492085773,
    "loading_time_mean": 0.10154008865356445,
    "loading_time_std": 0.015806862546538444,
    "loading_time_min": 0.08954238891601562,
    "loading_time_max": 0.11945104598999023,
    "loading_time_runs": [
        0.0956268310546875,
        0.11945104598999023,
        0.08954238891601562
    ],
    "loading_memory_mean": 58.515625,
    "loading_memory_std": 29.7931669555489,
    "loading_memory_min": 31.01171875,
    "loading_memory_max": 90.1640625,
    "loading_memory_runs": [
        90.1640625,
        31.01171875,
        54.37109375
    ],
    "cleaning_time_mean": 0.01166375478108724,
    "cleaning_time_std": 0.001552733305364916,
    "cleaning_time_min": 0.009980201721191406,
    "cleaning_time_max": 0.013039588928222656,
    "cleaning_time_runs": [
        0.011971473693847656,
        0.009980201721191406,
        0.013039588928222656
    ],
    "cleaning_memory_mean": -8.635416666666666,
    "cleaning_memory_std": 11.188370370661975,
    "cleaning_memory_min": -21.16796875,
    "cleaning_memory_max": 0.34765625,
    "cleaning_memory_runs": [
        -5.0859375,
        0.34765625,
        -21.16796875
    ],
    "aggregation_time_mean": 0.19243542353312174,
    "aggregation_time_std": 0.0070488662231261824,
    "aggregation_time_min": 0.1857469081878662,
    "aggregation_time_max": 0.19979643821716309,
    "aggregation_time_runs": [
        0.19176292419433594,
        0.19979643821716309,
        0.1857469081878662
    ],
    "aggregation_memory_mean": 13.731770833333334,
    "aggregation_memory_std": 11.142784276777599,
    "aggregation_memory_min": 2.3828125,
    "aggregation_memory_max": 24.65625,
    "aggregation_memory_runs": [
        24.65625,
        2.3828125,
        14.15625
    ],
    "sorting_time_mean": 0.13356415430704752,
    "sorting_time_std": 0.01767374346655448,
    "sorting_time_min": 0.11350464820861816,
    "sorting_time_max": 0.14684557914733887,
    "sorting_time_runs": [
        0.11350464820861816,
        0.14684557914733887,
        0.14034223556518555
    ],
    "sorting_memory_mean": 2.66015625,
    "sorting_memory_std": 8.087952647446926,
    "sorting_memory_min": -4.19140625,
    "sorting_memory_max": 11.58203125,
    "sorting_memory_runs": [
        0.58984375,
        -4.19140625,
        11.58203125
    ],
    "filtering_time_mean": 0.014004707336425781,
    "filtering_time_std": 0.001007932329218316,
    "filtering_time_min": 0.013000249862670898,
    "filtering_time_max": 0.01501607894897461,
    "filtering_time_runs": [
        0.01501607894897461,
        0.013997793197631836,
        0.013000249862670898
    ],
    "filtering_memory_mean": 17.184895833333332,
    "filtering_memory_std": 5.592198105111254,
    "filtering_memory_min": 13.37890625,
    "filtering_memory_max": 23.60546875,
    "filtering_memory_runs": [
        13.37890625,
        23.60546875,
        14.5703125
    ],
    "correlation_time_mean": 0.037186066309611,
    "correlation_time_std": 0.0013112910515861666,
    "correlation_time_min": 0.03589797019958496,
    "correlation_time_max": 0.03851938247680664,
    "correlation_time_runs": [
        0.03851938247680664,
        0.037140846252441406,
        0.03589797019958496
    ],
    "correlation_memory_mean": 0.0,
    "correlation_memory_std": 0.0,
    "correlation_memory_min": 0.0,
    "correlation_memory_max": 0.0,
    "correlation_memory_runs": [
        0.0,
        0.0,
        0.0
    ]
}