{
    "memory_size_gb": 3.031052346341312,
    "row_count": 50000001,
    "loading_time_seconds": 2.1510472297668457,
    "cleaning_time_seconds": 0.012416362762451172,
    "aggregation_time_seconds": 12.664284467697144,
    "sorting_time_seconds": 17.9735689163208,
    "filtering_time_seconds": 1.2902214527130127,
    "correlation_time_seconds": 13.475585699081421,
    "total_operation_time_seconds": 47.567124128341675
}