{
    "memory_size_gb": 1.4621765650808811,
    "row_count": 10000000,
    "loading_time_seconds": 37.373987674713135,
    "cleaning_time_seconds": 2.700176477432251,
    "aggregation_time_seconds": 3.4954068660736084,
    "sorting_time_seconds": 27.237502813339233,
    "filtering_time_seconds": 0.9415988922119141,
    "correlation_time_seconds": 3.8659279346466064,
    "average_filtered_value": 7502.053136843133,
    "total_operation_time_seconds": 75.61460065841675
}