{
    "memory_size_gb": 0.2980232238769531,
    "row_count": 5000000,
    "average_filtered_value": 7498.603640230923,
    "total_operation_time_mean": 1.0217031955718996,
    "loading_time_mean": 0.43282299041748046,
    "loading_time_std": 0.05691487096764927,
    "loading_time_min": 0.3499608039855957,
    "loading_time_max": 0.5003983974456787,
    "loading_time_runs": [
        0.424297571182251,
        0.4688997268676758,
        0.3499608039855957,
        0.5003983974456787,
        0.42055845260620117
    ],
    "loading_memory_mean": 174.42265625,
    "loading_memory_std": 53.606874289874156,
    "loading_memory_min": 129.05859375,
    "loading_memory_max": 258.87109375,
    "loading_memory_runs": [
        258.87109375,
        135.4140625,
        194.1796875,
        129.05859375,
        154.58984375
    ],
    "cleaning_time_mean": 0.0051978111267089845,
    "cleaning_time_std": 0.0025877345835681213,
    "cleaning_time_min": 0.002000093460083008,
    "cleaning_time_max": 0.008997440338134766,
    "cleaning_time_runs": [
        0.0060002803802490234,
        0.004992008209228516,
        0.008997440338134766,
        0.002000093460083008,
        0.003999233245849609
    ],
    "cleaning_memory_mean": -92.69921875,
    "cleaning_memory_std": 51.36813561090315,
    "cleaning_memory_min": -171.97265625,
    "cleaning_memory_max": -29.97265625,
    "cleaning_memory_runs": [
        -96.0859375,
        -90.66015625,
        -171.97265625,
        -29.97265625,
        -74.8046875
    ],
    "aggregation_time_mean": 0.20784463882446289,
    "aggregation_time_std": 0.01934747627857568,
    "aggregation_time_min": 0.18489408493041992,
    "aggregation_time_max": 0.23321175575256348,
    "aggregation_time_runs": [
        0.23321175575256348,
        0.19321107864379883,
        0.21832990646362305,
        0.20957636833190918,
        0.18489408493041992
    ],
    "aggregation_memory_mean": -15.01875,
    "aggregation_memory_std": 100.15997729907525,
    "aggregation_memory_min": -96.125,
    "aggregation_memory_max": 136.5234375,
    "aggregation_memory_runs": [
        -73.44921875,
        38.5546875,
        136.5234375,
        -80.59765625,
        -96.125
    ],
    "sorting_time_mean": 0.21040420532226561,
    "sorting_time_std": 0.02126983712909287,
    "sorting_time_min": 0.1851041316986084,
    "sorting_time_max": 0.23978710174560547,
    "sorting_time_runs": [
        0.22317814826965332,
        0.1851041316986084,
        0.23978710174560547,
        0.2012951374053955,
        0.20265650749206543
    ],
    "sorting_memory_mean": 0.1234375,
    "sorting_memory_std": 91.67008042608398,
    "sorting_memory_min": -89.5078125,
    "sorting_memory_max": 153.93359375,
    "sorting_memory_runs": [
        153.93359375,
        -2.13671875,
        -31.1640625,
        -30.5078125,
        -89.5078125
    ],
    "filtering_time_mean": 0.023507165908813476,
    "filtering_time_std": 0.0030539632135558343,
    "filtering_time_min": 0.01996135711669922,
    "filtering_time_max": 0.028031349182128906,
    "filtering_time_runs": [
        0.02155900001525879,
        0.01996135711669922,
        0.028031349182128906,
        0.023982763290405273,
        0.024001359939575195
    ],
    "filtering_memory_mean": 64.7578125,
    "filtering_memory_std": 32.16780842021368,
    "filtering_memory_min": 17.09765625,
    "filtering_memory_max": 107.84765625,
    "filtering_memory_runs": [
        65.31640625,
        17.09765625,
        65.6484375,
        67.87890625,
        107.84765625
    ],
    "correlation_time_mean": 0.14192638397216797,
    "correlation_time_std": 0.003950167965436062,
    "correlation_time_min": 0.13740205764770508,
    "correlation_time_max": 0.14815402030944824,
    "correlation_time_runs": [
        0.14815402030944824,
        0.14177632331848145,
        0.14213299751281738,
        0.13740205764770508,
        0.1401665210723877
    ],
    "correlation_memory_mean": 30.58671875,
    "correlation_memory_std": 68.22365754212605,
    "correlation_memory_min": 0.0625,
    "correlation_memory_max": 152.62890625,
    "correlation_memory_runs": [
        152.62890625,
        0.07421875,
        0.0625,
        0.08984375,
        0.078125
    ]
}