{
    "memory_size_gb": 3.031052346341312,
    "row_count": 50000001,
    "loading_time_seconds": 2.3008666038513184,
    "cleaning_time_seconds": 0.007001161575317383,
    "aggregation_time_seconds": 11.386919498443604,
    "sorting_time_seconds": 16.651556730270386,
    "filtering_time_seconds": 1.275000810623169,
    "correlation_time_seconds": 12.589416742324829,
    "total_operation_time_seconds": 44.21076154708862
}