{
    "memory_size_gb": 0.3119930624961853,
    "row_count": 5000000,
    "loading_time_seconds": 0.1230165958404541,
    "cleaning_time_seconds": 0.0009989738464355469,
    "aggregation_time_seconds": 1.3676598072052002,
    "sorting_time_seconds": 1.2951278686523438,
    "filtering_time_seconds": 0.0977630615234375,
    "correlation_time_seconds": 1.1821119785308838,
    "total_operation_time_seconds": 4.066678285598755
}