{
    "memory_size_gb": 0.3119930624961853,
    "row_count": 5000000,
    "loading_time_seconds": 0.3580155372619629,
    "cleaning_time_seconds": 0.003000497817993164,
    "aggregation_time_seconds": 3.4612720012664795,
    "sorting_time_seconds": 3.6906585693359375,
    "filtering_time_seconds": 0.22246766090393066,
    "correlation_time_seconds": 2.8604626655578613,
    "total_operation_time_seconds": 10.595876932144165
}