{
    "memory_size_gb": 13.783574223518372,
    "row_count": 100000000,
    "average_filtered_value": 7525.259314526387,
    "total_operation_time_mean": 146.4917769432068,
    "loading_time_mean": 75.9046573638916,
    "loading_time_std": 0.0,
    "loading_time_min": 75.9046573638916,
    "loading_time_max": 75.9046573638916,
    "loading_time_runs": [
        75.9046573638916
    ],
    "loading_memory_mean": 4672.84765625,
    "loading_memory_std": 0.0,
    "loading_memory_min": 4672.84765625,
    "loading_memory_max": 4672.84765625,
    "loading_memory_runs": [
        4672.84765625
    ],
    "cleaning_time_mean": 7.614431142807007,
    "cleaning_time_std": 0.0,
    "cleaning_time_min": 7.614431142807007,
    "cleaning_time_max": 7.614431142807007,
    "cleaning_time_runs": [
        7.614431142807007
    ],
    "cleaning_memory_mean": 3814.7265625,
    "cleaning_memory_std": 0.0,
    "cleaning_memory_min": 3814.7265625,
    "cleaning_memory_max": 3814.7265625,
    "cleaning_memory_runs": [
        3814.7265625
    ],
    "aggregation_time_mean": 18.395996809005737,
    "aggregation_time_std": 0.0,
    "aggregation_time_min": 18.395996809005737,
    "aggregation_time_max": 18.395996809005737,
    "aggregation_time_runs": [
        18.395996809005737
    ],
    "aggregation_memory_mean": 16.91796875,
    "aggregation_memory_std": 0.0,
    "aggregation_memory_min": 16.91796875,
    "aggregation_memory_max": 16.91796875,
    "aggregation_memory_runs": [
        16.91796875
    ],
    "sorting_time_mean": 28.20522904396057,
    "sorting_time_std": 0.0,
    "sorting_time_min": 28.20522904396057,
    "sorting_time_max": 28.20522904396057,
    "sorting_time_runs": [
        28.20522904396057
    ],
    "sorting_memory_mean": 4577.6953125,
    "sorting_memory_std": 0.0,
    "sorting_memory_min": 4577.6953125,
    "sorting_memory_max": 4577.6953125,
    "sorting_memory_runs": [
        4577.6953125
    ],
    "filtering_time_mean": 1.8049993515014648,
    "filtering_time_std": 0.0,
    "filtering_time_min": 1.8049993515014648,
    "filtering_time_max": 1.8049993515014648,
    "filtering_time_runs": [
        1.8049993515014648
    ],
    "filtering_memory_mean": 2288.54296875,
    "filtering_memory_std": 0.0,
    "filtering_memory_min": 2288.54296875,
    "filtering_memory_max": 2288.54296875,
    "filtering_memory_runs": [
        2288.54296875
    ],
    "correlation_time_mean": 14.566463232040405,
    "correlation_time_std": 0.0,
    "correlation_time_min": 14.566463232040405,
    "correlation_time_max": 14.566463232040405,
    "correlation_time_runs": [
        14.566463232040405
    ],
    "correlation_memory_mean": 0.078125,
    "correlation_memory_std": 0.0,
    "correlation_memory_min": 0.078125,
    "correlation_memory_max": 0.078125,
    "correlation_memory_runs": [
        0.078125
    ]
}