{
    "memory_size_gb": 7.222004138864577,
    "row_count": 50000001,
    "loading_time_seconds": 27.239853143692017,
    "cleaning_time_seconds": 3.4203171730041504,
    "aggregation_time_seconds": 9.139909029006958,
    "sorting_time_seconds": 60.180797815322876,
    "filtering_time_seconds": 1.3620014190673828,
    "correlation_time_seconds": 7.650282621383667,
    "average_filtered_value": 7525.097169960293,
    "total_operation_time_seconds": 108.99316120147705
}