{
  "pandas": {
    "loading_time": 0.3661670684814453,
    "cleaning_time": 0.015004873275756836,
    "aggregation_time": 0.10648751258850098,
    "sorting_time": 0.13101673126220703,
    "filtering_time": 0.0179903507232666,
    "correlation_time": 0.16348862648010254,
    "total_time": 0.8001551628112793,
    "row_count": 1000001,
    "filtered_count": 500420
  },
  "polars": {
    "loading_time": 0.04394412040710449,
    "cleaning_time": 0.006000518798828125,
    "aggregation_time": 0.03399991989135742,
    "sorting_time": 0.04656076431274414,
    "filtering_time": 0.009985923767089844,
    "correlation_time": 0.045876264572143555,
    "total_time": 0.18636751174926758,
    "row_count": 1000001,
    "filtered_count": 500420
  },
  "pyarrow": {
    "loading_time": 0.03996706008911133,
    "cleaning_time": 0.02323126792907715,
    "aggregation_time": 0.11389398574829102,
    "sorting_time": 0.18308448791503906,
    "filtering_time": 0.028099536895751953,
    "correlation_time": 0.0,
    "total_time": 0.3882763385772705,
    "row_count": 1000001,
    "filtered_count": 500420
  },
  "dask": {
    "loading_time": 0.0049974918365478516,
    "cleaning_time": 0.0,
    "aggregation_time": 0.9875650405883789,
    "sorting_time": 0.5209333896636963,
    "filtering_time": 0.85268235206604,
    "correlation_time": 0.0,
    "total_time": 2.366178274154663,
    "row_count": 1000001,
    "filtered_count": 500420
  }
}