{
    "memory_size_gb": 0.3119930624961853,
    "row_count": 5000000,
    "loading_time_seconds": 0.4083740711212158,
    "cleaning_time_seconds": 0.0036535263061523438,
    "aggregation_time_seconds": 2.4984922409057617,
    "sorting_time_seconds": 1.739257574081421,
    "filtering_time_seconds": 0.11466288566589355,
    "correlation_time_seconds": 1.5362062454223633,
    "total_operation_time_seconds": 6.300646543502808
}