{
    "memory_size_gb": 0.05494803190231323,
    "row_count": 1000000,
    "loading_time_seconds": 0.12605690956115723,
    "cleaning_time_seconds": 0.008751630783081055,
    "aggregation_time_seconds": 0.09029197692871094,
    "sorting_time_seconds": 0.1322634220123291,
    "filtering_time_seconds": 0.020798206329345703,
    "correlation_time_seconds": 0.37735509872436523,
    "average_filtered_value": 7499.858703990418,
    "total_operation_time_seconds": 0.7555172443389893
}