{
    "row_count": 1000000,
    "memory_size_gb": 0.047497574239969254,
    "average_filtered_value": 7499.858703990418,
    "total_operation_time_mean": 2.944001277287801,
    "loading_time_mean": 1.0318148930867512,
    "loading_time_std": 0.0359549354630794,
    "loading_time_min": 1.001305341720581,
    "loading_time_max": 1.0714547634124756,
    "loading_time_runs": [
        1.001305341720581,
        1.0714547634124756,
        1.0226845741271973
    ],
    "loading_memory_mean": 13.690104166666666,
    "loading_memory_std": 13.240784133172138,
    "loading_memory_min": 2.65234375,
    "loading_memory_max": 28.37109375,
    "loading_memory_runs": [
        28.37109375,
        2.65234375,
        10.046875
    ],
    "cleaning_time_mean": 0.0,
    "cleaning_time_std": 0.0,
    "cleaning_time_min": 0.0,
    "cleaning_time_max": 0.0,
    "cleaning_time_runs": [
        0.0,
        0.0,
        0.0
    ],
    "cleaning_memory_mean": 0.00390625,
    "cleaning_memory_std": 0.0,
    "cleaning_memory_min": 0.00390625,
    "cleaning_memory_max": 0.00390625,
    "cleaning_memory_runs": [
        0.00390625,
        0.00390625,
        0.00390625
    ],
    "aggregation_time_mean": 0.005003213882446289,
    "aggregation_time_std": 0.000997664274913186,
    "aggregation_time_min": 0.004006624221801758,
    "aggregation_time_max": 0.006001949310302734,
    "aggregation_time_runs": [
        0.006001949310302734,
        0.005001068115234375,
        0.004006624221801758
    ],
    "aggregation_memory_mean": 0.0,
    "aggregation_memory_std": 0.0,
    "aggregation_memory_min": 0.0,
    "aggregation_memory_max": 0.0,
    "aggregation_memory_runs": [
        0.0,
        0.0,
        0.0
    ],
    "sorting_time_mean": 0.0,
    "sorting_time_std": 0.0,
    "sorting_time_min": 0.0,
    "sorting_time_max": 0.0,
    "sorting_time_runs": [
        0.0,
        0.0,
        0.0
    ],
    "sorting_memory_mean": 0.0,
    "sorting_memory_std": 0.0,
    "sorting_memory_min": 0.0,
    "sorting_memory_max": 0.0,
    "sorting_memory_runs": [
        0.0,
        0.0,
        0.0
    ],
    "filtering_time_mean": 0.8847513198852539,
    "filtering_time_std": 0.009571895861988016,
    "filtering_time_min": 0.8737654685974121,
    "filtering_time_max": 0.8912951946258545,
    "filtering_time_runs": [
        0.8912951946258545,
        0.8891932964324951,
        0.8737654685974121
    ],
    "filtering_memory_mean": 1.43359375,
    "filtering_memory_std": 0.19331004736966598,
    "filtering_memory_min": 1.2109375,
    "filtering_memory_max": 1.55859375,
    "filtering_memory_runs": [
        1.53125,
        1.2109375,
        1.55859375
    ],
    "correlation_time_mean": 1.0224318504333496,
    "correlation_time_std": 0.03320241412020318,
    "correlation_time_min": 0.9868090152740479,
    "correlation_time_max": 1.0525176525115967,
    "correlation_time_runs": [
        1.0525176525115967,
        1.0279688835144043,
        0.9868090152740479
    ],
    "correlation_memory_mean": -1.4010416666666667,
    "correlation_memory_std": 2.0825893853991198,
    "correlation_memory_min": -3.78125,
    "correlation_memory_max": 0.0859375,
    "correlation_memory_runs": [
        -3.78125,
        -0.5078125,
        0.0859375
    ]
}