{
    "memory_size_gb": 0.029802322387695312,
    "row_count": 500000,
    "average_filtered_value": 75038.29452339467,
    "total_operation_time_mean": 0.4603819370269775,
    "loading_time_mean": 0.0938072681427002,
    "loading_time_std": 0.014946660292472512,
    "loading_time_min": 0.07800436019897461,
    "loading_time_max": 0.11454916000366211,
    "loading_time_runs": [
        0.08052492141723633,
        0.11454916000366211,
        0.09908032417297363,
        0.0968775749206543,
        0.07800436019897461
    ],
    "loading_memory_mean": 15.0609375,
    "loading_memory_std": 2.3151734440797034,
    "loading_memory_min": 11.984375,
    "loading_memory_max": 18.1640625,
    "loading_memory_runs": [
        18.1640625,
        11.984375,
        16.109375,
        13.9453125,
        15.1015625
    ],
    "cleaning_time_mean": 0.029698276519775392,
    "cleaning_time_std": 0.008848155588389554,
    "cleaning_time_min": 0.021025896072387695,
    "cleaning_time_max": 0.04238319396972656,
    "cleaning_time_runs": [
        0.021025896072387695,
        0.03452014923095703,
        0.04238319396972656,
        0.02799844741821289,
        0.022563695907592773
    ],
    "cleaning_memory_mean": -74.28203125,
    "cleaning_memory_std": 10.716004810293727,
    "cleaning_memory_min": -86.90234375,
    "cleaning_memory_max": -58.9765625,
    "cleaning_memory_runs": [
        -81.66015625,
        -72.35546875,
        -86.90234375,
        -71.515625,
        -58.9765625
    ],
    "aggregation_time_mean": 0.1792222499847412,
    "aggregation_time_std": 0.0536487050232001,
    "aggregation_time_min": 0.12120413780212402,
    "aggregation_time_max": 0.23630738258361816,
    "aggregation_time_runs": [
        0.19036436080932617,
        0.23630738258361816,
        0.2226545810699463,
        0.1255807876586914,
        0.12120413780212402
    ],
    "aggregation_memory_mean": 18.47265625,
    "aggregation_memory_std": 22.9666149159122,
    "aggregation_memory_min": -5.6171875,
    "aggregation_memory_max": 43.31640625,
    "aggregation_memory_runs": [
        -5.6171875,
        3.88671875,
        8.01171875,
        43.31640625,
        42.765625
    ],
    "sorting_time_mean": 0.06764287948608398,
    "sorting_time_std": 0.019535869221482257,
    "sorting_time_min": 0.0410921573638916,
    "sorting_time_max": 0.08753037452697754,
    "sorting_time_runs": [
        0.06654238700866699,
        0.08557462692260742,
        0.08753037452697754,
        0.0410921573638916,
        0.05747485160827637
    ],
    "sorting_memory_mean": 47.04609375,
    "sorting_memory_std": 13.613555973734416,
    "sorting_memory_min": 26.7109375,
    "sorting_memory_max": 61.296875,
    "sorting_memory_runs": [
        51.5078125,
        55.05078125,
        61.296875,
        40.6640625,
        26.7109375
    ],
    "filtering_time_mean": 0.0171720027923584,
    "filtering_time_std": 0.0020042200174882146,
    "filtering_time_min": 0.014635086059570312,
    "filtering_time_max": 0.019021987915039062,
    "filtering_time_runs": [
        0.019001483917236328,
        0.019021987915039062,
        0.017651796340942383,
        0.015549659729003906,
        0.014635086059570312
    ],
    "filtering_memory_mean": 1.59765625,
    "filtering_memory_std": 5.288590064987859,
    "filtering_memory_min": -4.73046875,
    "filtering_memory_max": 7.6796875,
    "filtering_memory_runs": [
        -1.91796875,
        6.25390625,
        7.6796875,
        -4.73046875,
        0.703125
    ],
    "correlation_time_mean": 0.07283926010131836,
    "correlation_time_std": 0.024669484630122203,
    "correlation_time_min": 0.04699587821960449,
    "correlation_time_max": 0.10413408279418945,
    "correlation_time_runs": [
        0.06436634063720703,
        0.0932011604309082,
        0.10413408279418945,
        0.04699587821960449,
        0.05549883842468262
    ],
    "correlation_memory_mean": -5.87109375,
    "correlation_memory_std": 3.5843829606357764,
    "correlation_memory_min": -12.28125,
    "correlation_memory_max": -4.15234375,
    "correlation_memory_runs": [
        -4.23046875,
        -4.15234375,
        -12.28125,
        -4.31640625,
        -4.375
    ]
}