{
    "memory_size_gb": 1.2386591471731663,
    "row_count": 10000000,
    "average_filtered_value": 7502.053136843133,
    "total_operation_time_mean": 14.36781506538391,
    "loading_time_mean": 8.622822523117065,
    "loading_time_std": 0.423674636954359,
    "loading_time_min": 8.100196361541748,
    "loading_time_max": 9.25320029258728,
    "loading_time_runs": [
        9.25320029258728,
        8.65861964225769,
        8.417066812515259,
        8.68502950668335,
        8.100196361541748
    ],
    "loading_memory_mean": 566.08203125,
    "loading_memory_std": 34.48715899783842,
    "loading_memory_min": 532.4765625,
    "loading_memory_max": 616.49609375,
    "loading_memory_runs": [
        616.49609375,
        584.484375,
        556.4765625,
        540.4765625,
        532.4765625
    ],
    "cleaning_time_mean": 0.9362428188323975,
    "cleaning_time_std": 0.13655916634177548,
    "cleaning_time_min": 0.7545313835144043,
    "cleaning_time_max": 1.1387622356414795,
    "cleaning_time_runs": [
        0.7545313835144043,
        0.9458127021789551,
        0.9191207885742188,
        0.9229869842529297,
        1.1387622356414795
    ],
    "cleaning_memory_mean": 381.4765625,
    "cleaning_memory_std": 0.0,
    "cleaning_memory_min": 381.4765625,
    "cleaning_memory_max": 381.4765625,
    "cleaning_memory_runs": [
        381.4765625,
        381.4765625,
        381.4765625,
        381.4765625,
        381.4765625
    ],
    "aggregation_time_mean": 1.1053312301635743,
    "aggregation_time_std": 0.04045889446373461,
    "aggregation_time_min": 1.0625767707824707,
    "aggregation_time_max": 1.1595466136932373,
    "aggregation_time_runs": [
        1.0625767707824707,
        1.1595466136932373,
        1.1201887130737305,
        1.0675411224365234,
        1.1168029308319092
    ],
    "aggregation_memory_mean": 0.0,
    "aggregation_memory_std": 0.0,
    "aggregation_memory_min": 0.0,
    "aggregation_memory_max": 0.0,
    "aggregation_memory_runs": [
        0.0,
        0.0,
        0.0,
        0.0,
        0.0
    ],
    "sorting_time_mean": 2.3664290428161623,
    "sorting_time_std": 0.22124957593116157,
    "sorting_time_min": 2.1179654598236084,
    "sorting_time_max": 2.723350763320923,
    "sorting_time_runs": [
        2.301823139190674,
        2.723350763320923,
        2.3167288303375244,
        2.372277021408081,
        2.1179654598236084
    ],
    "sorting_memory_mean": 457.7734375,
    "sorting_memory_std": 0.0,
    "sorting_memory_min": 457.7734375,
    "sorting_memory_max": 457.7734375,
    "sorting_memory_runs": [
        457.7734375,
        457.7734375,
        457.7734375,
        457.7734375,
        457.7734375
    ],
    "filtering_time_mean": 0.1970672607421875,
    "filtering_time_std": 0.02317038556292978,
    "filtering_time_min": 0.1623990535736084,
    "filtering_time_max": 0.22240495681762695,
    "filtering_time_runs": [
        0.1623990535736084,
        0.1966557502746582,
        0.19062542915344238,
        0.22240495681762695,
        0.21325111389160156
    ],
    "filtering_memory_mean": 228.86328125,
    "filtering_memory_std": 0.0,
    "filtering_memory_min": 228.86328125,
    "filtering_memory_max": 228.86328125,
    "filtering_memory_runs": [
        228.86328125,
        228.86328125,
        228.86328125,
        228.86328125,
        228.86328125
    ],
    "correlation_time_mean": 1.1399221897125245,
    "correlation_time_std": 0.08801367816240328,
    "correlation_time_min": 1.0522584915161133,
    "correlation_time_max": 1.2413873672485352,
    "correlation_time_runs": [
        1.0522584915161133,
        1.108583688735962,
        1.2413873672485352,
        1.2257285118103027,
        1.071652889251709
    ],
    "correlation_memory_mean": 0.0,
    "correlation_memory_std": 0.0,
    "correlation_memory_min": 0.0,
    "correlation_memory_max": 0.0,
    "correlation_memory_runs": [
        0.0,
        0.0,
        0.0,
        0.0,
        0.0
    ]
}