{
    "row_count": 5000000,
    "loading_time_seconds": 13.851366519927979,
    "cleaning_time_seconds": 0.10807108879089355,
    "aggregation_time_seconds": 0.25345945358276367,
    "sorting_time_seconds": 0.03878593444824219,
    "filtering_time_seconds": 1.982978343963623,
    "correlation_time_seconds": 8.331118106842041,
    "average_filtered_value": 7498.603640230923,
    "total_operation_time_seconds": 24.565779447555542
}