{
    "memory_size_gb": 0.27474015951156616,
    "row_count": 5000000,
    "loading_time_seconds": 0.11999964714050293,
    "cleaning_time_seconds": 0.0019998550415039062,
    "aggregation_time_seconds": 0.2090015411376953,
    "sorting_time_seconds": 0.22938251495361328,
    "filtering_time_seconds": 0.025005340576171875,
    "correlation_time_seconds": 0.2619938850402832,
    "average_filtered_value": 7498.603640230923,
    "total_operation_time_seconds": 0.8473827838897705
}