{
    "memory_size_gb": 1.3280520588159561,
    "row_count": 24585949,
    "loading_time_seconds": 0.7447855472564697,
    "cleaning_time_seconds": 0.011549949645996094,
    "aggregation_time_seconds": 2.5600433349609375,
    "sorting_time_seconds": 4.224551200866699,
    "filtering_time_seconds": 0.3513491153717041,
    "correlation_time_seconds": 1.6876344680786133,
    "average_filtered_value": 7524.304875386172,
    "total_operation_time_seconds": 9.57991361618042
}