{
    "memory_size_gb": 0.04377216100692749,
    "row_count": 1000000,
    "average_filtered_value": 7499.858703990418,
    "total_operation_time_mean": 1.0377562046051025,
    "loading_time_mean": 0.1776740550994873,
    "loading_time_std": 0.0,
    "loading_time_min": 0.1776740550994873,
    "loading_time_max": 0.1776740550994873,
    "loading_time_runs": [
        0.1776740550994873
    ],
    "loading_memory_mean": 162.09375,
    "loading_memory_std": 0.0,
    "loading_memory_min": 162.09375,
    "loading_memory_max": 162.09375,
    "loading_memory_runs": [
        162.09375
    ],
    "cleaning_time_mean": 0.0290682315826416,
    "cleaning_time_std": 0.0,
    "cleaning_time_min": 0.0290682315826416,
    "cleaning_time_max": 0.0290682315826416,
    "cleaning_time_runs": [
        0.0290682315826416
    ],
    "cleaning_memory_mean": 28.3515625,
    "cleaning_memory_std": 0.0,
    "cleaning_memory_min": 28.3515625,
    "cleaning_memory_max": 28.3515625,
    "cleaning_memory_runs": [
        28.3515625
    ],
    "aggregation_time_mean": 0.48435091972351074,
    "aggregation_time_std": 0.0,
    "aggregation_time_min": 0.48435091972351074,
    "aggregation_time_max": 0.48435091972351074,
    "aggregation_time_runs": [
        0.48435091972351074
    ],
    "aggregation_memory_mean": 23.1796875,
    "aggregation_memory_std": 0.0,
    "aggregation_memory_min": 23.1796875,
    "aggregation_memory_max": 23.1796875,
    "aggregation_memory_runs": [
        23.1796875
    ],
    "sorting_time_mean": 0.275162935256958,
    "sorting_time_std": 0.0,
    "sorting_time_min": 0.275162935256958,
    "sorting_time_max": 0.275162935256958,
    "sorting_time_runs": [
        0.275162935256958
    ],
    "sorting_memory_mean": 46.80859375,
    "sorting_memory_std": 0.0,
    "sorting_memory_min": 46.80859375,
    "sorting_memory_max": 46.80859375,
    "sorting_memory_runs": [
        46.80859375
    ],
    "filtering_time_mean": 0.01699352264404297,
    "filtering_time_std": 0.0,
    "filtering_time_min": 0.01699352264404297,
    "filtering_time_max": 0.01699352264404297,
    "filtering_time_runs": [
        0.01699352264404297
    ],
    "filtering_memory_mean": 27.43359375,
    "filtering_memory_std": 0.0,
    "filtering_memory_min": 27.43359375,
    "filtering_memory_max": 27.43359375,
    "filtering_memory_runs": [
        27.43359375
    ],
    "correlation_time_mean": 0.054506540298461914,
    "correlation_time_std": 0.0,
    "correlation_time_min": 0.054506540298461914,
    "correlation_time_max": 0.054506540298461914,
    "correlation_time_runs": [
        0.054506540298461914
    ],
    "correlation_memory_mean": 0.01953125,
    "correlation_memory_std": 0.0,
    "correlation_memory_min": 0.01953125,
    "correlation_memory_max": 0.01953125,
    "correlation_memory_runs": [
        0.01953125
    ]
}