{
    "row_count": 10000000,
    "memory_size_gb": 0.47497475892000496,
    "average_filtered_value": 7502.053136843133,
    "total_operation_time_mean": 30.03188953399658,
    "loading_time_mean": 8.311881256103515,
    "loading_time_std": 0.16146722101867794,
    "loading_time_min": 8.063378095626831,
    "loading_time_max": 8.500649690628052,
    "loading_time_runs": [
        8.500649690628052,
        8.291946172714233,
        8.392509937286377,
        8.063378095626831,
        8.310922384262085
    ],
    "loading_memory_mean": 11.109375,
    "loading_memory_std": 128.83440765551438,
    "loading_memory_min": -181.17578125,
    "loading_memory_max": 136.23828125,
    "loading_memory_runs": [
        -19.8828125,
        -3.00390625,
        -181.17578125,
        123.37109375,
        136.23828125
    ],
    "cleaning_time_mean": 0.00020017623901367188,
    "cleaning_time_std": 0.00044760767791481574,
    "cleaning_time_min": 0.0,
    "cleaning_time_max": 0.0010008811950683594,
    "cleaning_time_runs": [
        0.0,
        0.0,
        0.0,
        0.0010008811950683594,
        0.0
    ],
    "cleaning_memory_mean": -0.4,
    "cleaning_memory_std": 0.5477225575051661,
    "cleaning_memory_min": -1.0,
    "cleaning_memory_max": 0.0,
    "cleaning_memory_runs": [
        0.0,
        -1.0,
        0.0,
        0.0,
        -1.0
    ],
    "aggregation_time_mean": 0.008170366287231445,
    "aggregation_time_std": 0.0020735798319844456,
    "aggregation_time_min": 0.006249189376831055,
    "aggregation_time_max": 0.011136054992675781,
    "aggregation_time_runs": [
        0.011136054992675781,
        0.007778644561767578,
        0.006369829177856445,
        0.006249189376831055,
        0.009318113327026367
    ],
    "aggregation_memory_mean": -9.4,
    "aggregation_memory_std": 4.39317652729776,
    "aggregation_memory_min": -15.0,
    "aggregation_memory_max": -3.0,
    "aggregation_memory_runs": [
        -10.0,
        -15.0,
        -11.0,
        -8.0,
        -3.0
    ],
    "sorting_time_mean": 0.00030198097229003904,
    "sorting_time_std": 0.0006752499819520077,
    "sorting_time_min": 0.0,
    "sorting_time_max": 0.0015099048614501953,
    "sorting_time_runs": [
        0.0015099048614501953,
        0.0,
        0.0,
        0.0,
        0.0
    ],
    "sorting_memory_mean": 0.0,
    "sorting_memory_std": 0.0,
    "sorting_memory_min": 0.0,
    "sorting_memory_max": 0.0,
    "sorting_memory_runs": [
        0.0,
        0.0,
        0.0,
        0.0,
        0.0
    ],
    "filtering_time_mean": 9.872126054763793,
    "filtering_time_std": 0.27188404318423126,
    "filtering_time_min": 9.545921564102173,
    "filtering_time_max": 10.29893708229065,
    "filtering_time_runs": [
        9.545921564102173,
        9.795603275299072,
        10.29893708229065,
        9.838164329528809,
        9.882004022598267
    ],
    "filtering_memory_mean": 76.2484375,
    "filtering_memory_std": 109.79454678333043,
    "filtering_memory_min": 4.57421875,
    "filtering_memory_max": 270.3046875,
    "filtering_memory_runs": [
        26.5,
        52.4140625,
        270.3046875,
        27.44921875,
        4.57421875
    ],
    "correlation_time_mean": 11.839209699630738,
    "correlation_time_std": 0.07242319995082484,
    "correlation_time_min": 11.78642988204956,
    "correlation_time_max": 11.963348388671875,
    "correlation_time_runs": [
        11.79052996635437,
        11.78642988204956,
        11.963348388671875,
        11.836743354797363,
        11.818996906280518
    ],
    "correlation_memory_mean": 13.1796875,
    "correlation_memory_std": 7.216399103127889,
    "correlation_memory_min": 2.78125,
    "correlation_memory_max": 19.49609375,
    "correlation_memory_runs": [
        19.49609375,
        2.78125,
        17.05078125,
        8.52734375,
        18.04296875
    ]
}