{
    "memory_size_gb": 0.04284083843231201,
    "row_count": 1000000,
    "loading_time_seconds": 0.3225228786468506,
    "cleaning_time_seconds": 0.02907705307006836,
    "aggregation_time_seconds": 2.7509524822235107,
    "sorting_time_seconds": 1.7552285194396973,
    "filtering_time_seconds": 0.23239636421203613,
    "correlation_time_seconds": 0.3363947868347168,
    "average_filtered_value": 10977.787448157242,
    "total_operation_time_seconds": 5.42657208442688
}