{
    "row_count": 1000000,
    "memory_size_gb": 0.1277141273021698,
    "average_filtered_value": 7499.858703990418,
    "total_operation_time_mean": 20.585219621658325,
    "loading_time_mean": 3.7923507690429688,
    "loading_time_std": 0.0,
    "loading_time_min": 3.7923507690429688,
    "loading_time_max": 3.7923507690429688,
    "loading_time_runs": [
        3.7923507690429688
    ],
    "loading_memory_mean": -0.94140625,
    "loading_memory_std": 0.0,
    "loading_memory_min": -0.94140625,
    "loading_memory_max": -0.94140625,
    "loading_memory_runs": [
        -0.94140625
    ],
    "cleaning_time_mean": 0.04510617256164551,
    "cleaning_time_std": 0.0,
    "cleaning_time_min": 0.04510617256164551,
    "cleaning_time_max": 0.04510617256164551,
    "cleaning_time_runs": [
        0.04510617256164551
    ],
    "cleaning_memory_mean": 0.0,
    "cleaning_memory_std": 0.0,
    "cleaning_memory_min": 0.0,
    "cleaning_memory_max": 0.0,
    "cleaning_memory_runs": [
        0.0
    ],
    "aggregation_time_mean": 0.10119915008544922,
    "aggregation_time_std": 0.0,
    "aggregation_time_min": 0.10119915008544922,
    "aggregation_time_max": 0.10119915008544922,
    "aggregation_time_runs": [
        0.10119915008544922
    ],
    "aggregation_memory_mean": 0.0,
    "aggregation_memory_std": 0.0,
    "aggregation_memory_min": 0.0,
    "aggregation_memory_max": 0.0,
    "aggregation_memory_runs": [
        0.0
    ],
    "sorting_time_mean": 0.017002344131469727,
    "sorting_time_std": 0.0,
    "sorting_time_min": 0.017002344131469727,
    "sorting_time_max": 0.017002344131469727,
    "sorting_time_runs": [
        0.017002344131469727
    ],
    "sorting_memory_mean": 0.0,
    "sorting_memory_std": 0.0,
    "sorting_memory_min": 0.0,
    "sorting_memory_max": 0.0,
    "sorting_memory_runs": [
        0.0
    ],
    "filtering_time_mean": 2.2440242767333984,
    "filtering_time_std": 0.0,
    "filtering_time_min": 2.2440242767333984,
    "filtering_time_max": 2.2440242767333984,
    "filtering_time_runs": [
        2.2440242767333984
    ],
    "filtering_memory_mean": 0.0,
    "filtering_memory_std": 0.0,
    "filtering_memory_min": 0.0,
    "filtering_memory_max": 0.0,
    "filtering_memory_runs": [
        0.0
    ],
    "correlation_time_mean": 14.385536909103394,
    "correlation_time_std": 0.0,
    "correlation_time_min": 14.385536909103394,
    "correlation_time_max": 14.385536909103394,
    "correlation_time_runs": [
        14.385536909103394
    ],
    "correlation_memory_mean": -0.99609375,
    "correlation_memory_std": 0.0,
    "correlation_memory_min": -0.99609375,
    "correlation_memory_max": -0.99609375,
    "correlation_memory_runs": [
        -0.99609375
    ]
}