{
    "memory_size_gb": 0.12386602535843849,
    "row_count": 1000000,
    "average_filtered_value": 7499.858703990418,
    "total_operation_time_mean": 1.5096426010131836,
    "loading_time_mean": 1.0685076713562012,
    "loading_time_std": 0.0,
    "loading_time_min": 1.0685076713562012,
    "loading_time_max": 1.0685076713562012,
    "loading_time_runs": [
        1.0685076713562012
    ],
    "loading_memory_mean": 73.21875,
    "loading_memory_std": 0.0,
    "loading_memory_min": 73.21875,
    "loading_memory_max": 73.21875,
    "loading_memory_runs": [
        73.21875
    ],
    "cleaning_time_mean": 0.1151430606842041,
    "cleaning_time_std": 0.0,
    "cleaning_time_min": 0.1151430606842041,
    "cleaning_time_max": 0.1151430606842041,
    "cleaning_time_runs": [
        0.1151430606842041
    ],
    "cleaning_memory_mean": 37.90234375,
    "cleaning_memory_std": 0.0,
    "cleaning_memory_min": 37.90234375,
    "cleaning_memory_max": 37.90234375,
    "cleaning_memory_runs": [
        37.90234375
    ],
    "aggregation_time_mean": 0.09685659408569336,
    "aggregation_time_std": 0.0,
    "aggregation_time_min": 0.09685659408569336,
    "aggregation_time_max": 0.09685659408569336,
    "aggregation_time_runs": [
        0.09685659408569336
    ],
    "aggregation_memory_mean": 2.5546875,
    "aggregation_memory_std": 0.0,
    "aggregation_memory_min": 2.5546875,
    "aggregation_memory_max": 2.5546875,
    "aggregation_memory_runs": [
        2.5546875
    ],
    "sorting_time_mean": 0.11417841911315918,
    "sorting_time_std": 0.0,
    "sorting_time_min": 0.11417841911315918,
    "sorting_time_max": 0.11417841911315918,
    "sorting_time_runs": [
        0.11417841911315918
    ],
    "sorting_memory_mean": 45.82421875,
    "sorting_memory_std": 0.0,
    "sorting_memory_min": 45.82421875,
    "sorting_memory_max": 45.82421875,
    "sorting_memory_runs": [
        45.82421875
    ],
    "filtering_time_mean": 0.018825531005859375,
    "filtering_time_std": 0.0,
    "filtering_time_min": 0.018825531005859375,
    "filtering_time_max": 0.018825531005859375,
    "filtering_time_runs": [
        0.018825531005859375
    ],
    "filtering_memory_mean": 21.58984375,
    "filtering_memory_std": 0.0,
    "filtering_memory_min": 21.58984375,
    "filtering_memory_max": 21.58984375,
    "filtering_memory_runs": [
        21.58984375
    ],
    "correlation_time_mean": 0.0961313247680664,
    "correlation_time_std": 0.0,
    "correlation_time_min": 0.0961313247680664,
    "correlation_time_max": 0.0961313247680664,
    "correlation_time_runs": [
        0.0961313247680664
    ],
    "correlation_memory_mean": 0.06640625,
    "correlation_memory_std": 0.0,
    "correlation_memory_min": 0.06640625,
    "correlation_memory_max": 0.06640625,
    "correlation_memory_runs": [
        0.06640625
    ]
}