{
    "memory_size_gb": 7.310882333666086,
    "row_count": 50000000,
    "loading_time_seconds": 34.70747089385986,
    "cleaning_time_seconds": 3.9776742458343506,
    "aggregation_time_seconds": 5.931236505508423,
    "sorting_time_seconds": 43.0661985874176,
    "filtering_time_seconds": 0.9590053558349609,
    "correlation_time_seconds": 6.699692487716675,
    "average_filtered_value": 37498.01438806386,
    "total_operation_time_seconds": 95.34127807617188
}