{
    "memory_size_gb": 0.6984924226999283,
    "row_count": 10000000,
    "loading_time_seconds": 9.831896305084229,
    "cleaning_time_seconds": 5.956346750259399,
    "aggregation_time_seconds": 5.136652231216431,
    "sorting_time_seconds": 4.057632207870483,
    "filtering_time_seconds": 0.6858727931976318,
    "correlation_time_seconds": 4.745255470275879,
    "average_filtered_value": 7502.053136843133,
    "total_operation_time_seconds": 30.413655757904053
}