{
    "memory_size_gb": 0.059604644775390625,
    "row_count": 1000000,
    "average_filtered_value": 7499.858703990418,
    "total_operation_time_mean": 0.4199366569519043,
    "loading_time_mean": 0.18974900245666504,
    "loading_time_std": 0.0,
    "loading_time_min": 0.18974900245666504,
    "loading_time_max": 0.18974900245666504,
    "loading_time_runs": [
        0.18974900245666504
    ],
    "loading_memory_mean": 101.22265625,
    "loading_memory_std": 0.0,
    "loading_memory_min": 101.22265625,
    "loading_memory_max": 101.22265625,
    "loading_memory_runs": [
        101.22265625
    ],
    "cleaning_time_mean": 0.003736734390258789,
    "cleaning_time_std": 0.0,
    "cleaning_time_min": 0.003736734390258789,
    "cleaning_time_max": 0.003736734390258789,
    "cleaning_time_runs": [
        0.003736734390258789
    ],
    "cleaning_memory_mean": -14.2890625,
    "cleaning_memory_std": 0.0,
    "cleaning_memory_min": -14.2890625,
    "cleaning_memory_max": -14.2890625,
    "cleaning_memory_runs": [
        -14.2890625
    ],
    "aggregation_time_mean": 0.08392953872680664,
    "aggregation_time_std": 0.0,
    "aggregation_time_min": 0.08392953872680664,
    "aggregation_time_max": 0.08392953872680664,
    "aggregation_time_runs": [
        0.08392953872680664
    ],
    "aggregation_memory_mean": 131.26171875,
    "aggregation_memory_std": 0.0,
    "aggregation_memory_min": 131.26171875,
    "aggregation_memory_max": 131.26171875,
    "aggregation_memory_runs": [
        131.26171875
    ],
    "sorting_time_mean": 0.08219623565673828,
    "sorting_time_std": 0.0,
    "sorting_time_min": 0.08219623565673828,
    "sorting_time_max": 0.08219623565673828,
    "sorting_time_runs": [
        0.08219623565673828
    ],
    "sorting_memory_mean": 107.18359375,
    "sorting_memory_std": 0.0,
    "sorting_memory_min": 107.18359375,
    "sorting_memory_max": 107.18359375,
    "sorting_memory_runs": [
        107.18359375
    ],
    "filtering_time_mean": 0.004526853561401367,
    "filtering_time_std": 0.0,
    "filtering_time_min": 0.004526853561401367,
    "filtering_time_max": 0.004526853561401367,
    "filtering_time_runs": [
        0.004526853561401367
    ],
    "filtering_memory_mean": 1.9453125,
    "filtering_memory_std": 0.0,
    "filtering_memory_min": 1.9453125,
    "filtering_memory_max": 1.9453125,
    "filtering_memory_runs": [
        1.9453125
    ],
    "correlation_time_mean": 0.05579829216003418,
    "correlation_time_std": 0.0,
    "correlation_time_min": 0.05579829216003418,
    "correlation_time_max": 0.05579829216003418,
    "correlation_time_runs": [
        0.05579829216003418
    ],
    "correlation_memory_mean": 61.5703125,
    "correlation_memory_std": 0.0,
    "correlation_memory_min": 61.5703125,
    "correlation_memory_max": 61.5703125,
    "correlation_memory_runs": [
        61.5703125
    ]
}