{
    "memory_size_gb": 2.65852330904454,
    "row_count": 50000001,
    "loading_time_seconds": 2.7985661029815674,
    "cleaning_time_seconds": 0.0049936771392822266,
    "aggregation_time_seconds": 6.053027868270874,
    "sorting_time_seconds": 6.126862049102783,
    "filtering_time_seconds": 0.6984589099884033,
    "correlation_time_seconds": 7.268237590789795,
    "average_filtered_value": 7525.097169960293,
    "total_operation_time_seconds": 22.950146198272705
}