{
    "row_count": 50000000,
    "loading_time_seconds": 44.52723145484924,
    "cleaning_time_seconds": 0.06252431869506836,
    "aggregation_time_seconds": 0.16102266311645508,
    "sorting_time_seconds": 0.018001317977905273,
    "filtering_time_seconds": 1.4066615104675293,
    "correlation_time_seconds": 25.0147647857666,
    "average_filtered_value": 37498.01438806386,
    "total_operation_time_seconds": 71.1902060508728
}