{
    "memory_size_gb": 0.2980232238769531,
    "row_count": 5000000,
    "average_filtered_value": 7500.750655602975,
    "total_operation_time_mean": 1.7667114734649658,
    "loading_time_mean": 0.2951998710632324,
    "loading_time_std": 0.0,
    "loading_time_min": 0.2951998710632324,
    "loading_time_max": 0.2951998710632324,
    "loading_time_runs": [
        0.2951998710632324
    ],
    "loading_memory_mean": 501.84765625,
    "loading_memory_std": 0.0,
    "loading_memory_min": 501.84765625,
    "loading_memory_max": 501.84765625,
    "loading_memory_runs": [
        501.84765625
    ],
    "cleaning_time_mean": 0.0256502628326416,
    "cleaning_time_std": 0.0,
    "cleaning_time_min": 0.0256502628326416,
    "cleaning_time_max": 0.0256502628326416,
    "cleaning_time_runs": [
        0.0256502628326416
    ],
    "cleaning_memory_mean": -109.19921875,
    "cleaning_memory_std": 0.0,
    "cleaning_memory_min": -109.19921875,
    "cleaning_memory_max": -109.19921875,
    "cleaning_memory_runs": [
        -109.19921875
    ],
    "aggregation_time_mean": 0.2669386863708496,
    "aggregation_time_std": 0.0,
    "aggregation_time_min": 0.2669386863708496,
    "aggregation_time_max": 0.2669386863708496,
    "aggregation_time_runs": [
        0.2669386863708496
    ],
    "aggregation_memory_mean": 576.11328125,
    "aggregation_memory_std": 0.0,
    "aggregation_memory_min": 576.11328125,
    "aggregation_memory_max": 576.11328125,
    "aggregation_memory_runs": [
        576.11328125
    ],
    "sorting_time_mean": 0.4813833236694336,
    "sorting_time_std": 0.0,
    "sorting_time_min": 0.4813833236694336,
    "sorting_time_max": 0.4813833236694336,
    "sorting_time_runs": [
        0.4813833236694336
    ],
    "sorting_memory_mean": 659.33984375,
    "sorting_memory_std": 0.0,
    "sorting_memory_min": 659.33984375,
    "sorting_memory_max": 659.33984375,
    "sorting_memory_runs": [
        659.33984375
    ],
    "filtering_time_mean": 0.06642675399780273,
    "filtering_time_std": 0.0,
    "filtering_time_min": 0.06642675399780273,
    "filtering_time_max": 0.06642675399780273,
    "filtering_time_runs": [
        0.06642675399780273
    ],
    "filtering_memory_mean": -20.453125,
    "filtering_memory_std": 0.0,
    "filtering_memory_min": -20.453125,
    "filtering_memory_max": -20.453125,
    "filtering_memory_runs": [
        -20.453125
    ],
    "correlation_time_mean": 0.6311125755310059,
    "correlation_time_std": 0.0,
    "correlation_time_min": 0.6311125755310059,
    "correlation_time_max": 0.6311125755310059,
    "correlation_time_runs": [
        0.6311125755310059
    ],
    "correlation_memory_mean": -139.9765625,
    "correlation_memory_std": 0.0,
    "correlation_memory_min": -139.9765625,
    "correlation_memory_max": -139.9765625,
    "correlation_memory_runs": [
        -139.9765625
    ]
}