{
    "row_count": 500000,
    "memory_size_gb": 0.023283187299966812,
    "average_filtered_value": 75038.29452339467,
    "total_operation_time_mean": 3.4784583568573,
    "loading_time_mean": 1.1334381103515625,
    "loading_time_std": 0.11863265228612584,
    "loading_time_min": 1.0339698791503906,
    "loading_time_max": 1.304274320602417,
    "loading_time_runs": [
        1.304274320602417,
        1.0339698791503906,
        1.2087783813476562,
        1.0403599739074707,
        1.079807996749878
    ],
    "loading_memory_mean": 4.63671875,
    "loading_memory_std": 6.777860435996285,
    "loading_memory_min": -2.70703125,
    "loading_memory_max": 12.28515625,
    "loading_memory_runs": [
        0.89453125,
        -2.70703125,
        12.28515625,
        1.28515625,
        11.42578125
    ],
    "cleaning_time_mean": 0.0010360240936279296,
    "cleaning_time_std": 7.54747518420192e-05,
    "cleaning_time_min": 0.0009968280792236328,
    "cleaning_time_max": 0.0011708736419677734,
    "cleaning_time_runs": [
        0.0010025501251220703,
        0.0010073184967041016,
        0.0010025501251220703,
        0.0011708736419677734,
        0.0009968280792236328
    ],
    "cleaning_memory_mean": 0.0,
    "cleaning_memory_std": 0.0,
    "cleaning_memory_min": 0.0,
    "cleaning_memory_max": 0.0,
    "cleaning_memory_runs": [
        0.0,
        0.0,
        0.0,
        0.0,
        0.0
    ],
    "aggregation_time_mean": 0.020143699645996094,
    "aggregation_time_std": 0.0072049591186085105,
    "aggregation_time_min": 0.012008428573608398,
    "aggregation_time_max": 0.030168771743774414,
    "aggregation_time_runs": [
        0.030168771743774414,
        0.018007516860961914,
        0.024531126022338867,
        0.012008428573608398,
        0.016002655029296875
    ],
    "aggregation_memory_mean": 0.0,
    "aggregation_memory_std": 0.0,
    "aggregation_memory_min": 0.0,
    "aggregation_memory_max": 0.0,
    "aggregation_memory_runs": [
        0.0,
        0.0,
        0.0,
        0.0,
        0.0
    ],
    "sorting_time_mean": 0.0004092216491699219,
    "sorting_time_std": 0.0005609050460224047,
    "sorting_time_min": 0.0,
    "sorting_time_max": 0.001058340072631836,
    "sorting_time_runs": [
        0.0,
        0.0,
        0.001058340072631836,
        0.0,
        0.0009877681732177734
    ],
    "sorting_memory_mean": 0.0,
    "sorting_memory_std": 0.0,
    "sorting_memory_min": 0.0,
    "sorting_memory_max": 0.0,
    "sorting_memory_runs": [
        0.0,
        0.0,
        0.0,
        0.0,
        0.0
    ],
    "filtering_time_mean": 1.1095830917358398,
    "filtering_time_std": 0.27856079039300913,
    "filtering_time_min": 0.9435248374938965,
    "filtering_time_max": 1.5986571311950684,
    "filtering_time_runs": [
        1.5986571311950684,
        1.0780029296875,
        0.9435248374938965,
        0.9725551605224609,
        0.9551753997802734
    ],
    "filtering_memory_mean": 1.47890625,
    "filtering_memory_std": 0.4700876097493357,
    "filtering_memory_min": 0.9921875,
    "filtering_memory_max": 1.95703125,
    "filtering_memory_runs": [
        1.03515625,
        1.94921875,
        0.9921875,
        1.95703125,
        1.4609375
    ],
    "correlation_time_mean": 1.2138482093811036,
    "correlation_time_std": 0.09008771370218346,
    "correlation_time_min": 1.1004159450531006,
    "correlation_time_max": 1.3346970081329346,
    "correlation_time_runs": [
        1.1004159450531006,
        1.2677209377288818,
        1.172922134399414,
        1.3346970081329346,
        1.1934850215911865
    ],
    "correlation_memory_mean": -0.0265625,
    "correlation_memory_std": 0.3668070668844948,
    "correlation_memory_min": -0.3359375,
    "correlation_memory_max": 0.515625,
    "correlation_memory_runs": [
        0.171875,
        0.515625,
        -0.3359375,
        -0.15234375,
        -0.33203125
    ]
}