{
    "memory_size_gb": 6.771524012088776,
    "row_count": 113607321,
    "loading_time_seconds": 5.0161521434783936,
    "cleaning_time_seconds": 0.00882101058959961,
    "aggregation_time_seconds": 1.494823932647705,
    "sorting_time_seconds": 10.17439579963684,
    "filtering_time_seconds": 1.7732079029083252,
    "correlation_time_seconds": 4.550202131271362,
    "average_filtered_value": 201315.93189376505,
    "total_operation_time_seconds": 23.017602920532227
}