{
    "row_count": 1000000,
    "memory_size_gb": 0.047497574239969254,
    "average_filtered_value": 7499.858703990418,
    "total_operation_time_mean": 5.597152471542358,
    "loading_time_mean": 1.6940369606018066,
    "loading_time_std": 0.0,
    "loading_time_min": 1.6940369606018066,
    "loading_time_max": 1.6940369606018066,
    "loading_time_runs": [
        1.6940369606018066
    ],
    "loading_memory_mean": 17.515625,
    "loading_memory_std": 0.0,
    "loading_memory_min": 17.515625,
    "loading_memory_max": 17.515625,
    "loading_memory_runs": [
        17.515625
    ],
    "cleaning_time_mean": 0.0005438327789306641,
    "cleaning_time_std": 0.0,
    "cleaning_time_min": 0.0005438327789306641,
    "cleaning_time_max": 0.0005438327789306641,
    "cleaning_time_runs": [
        0.0005438327789306641
    ],
    "cleaning_memory_mean": 0.0078125,
    "cleaning_memory_std": 0.0,
    "cleaning_memory_min": 0.0078125,
    "cleaning_memory_max": 0.0078125,
    "cleaning_memory_runs": [
        0.0078125
    ],
    "aggregation_time_mean": 0.014591455459594727,
    "aggregation_time_std": 0.0,
    "aggregation_time_min": 0.014591455459594727,
    "aggregation_time_max": 0.014591455459594727,
    "aggregation_time_runs": [
        0.014591455459594727
    ],
    "aggregation_memory_mean": 0.21484375,
    "aggregation_memory_std": 0.0,
    "aggregation_memory_min": 0.21484375,
    "aggregation_memory_max": 0.21484375,
    "aggregation_memory_runs": [
        0.21484375
    ],
    "sorting_time_mean": 0.0,
    "sorting_time_std": 0.0,
    "sorting_time_min": 0.0,
    "sorting_time_max": 0.0,
    "sorting_time_runs": [
        0.0
    ],
    "sorting_memory_mean": 0.00390625,
    "sorting_memory_std": 0.0,
    "sorting_memory_min": 0.00390625,
    "sorting_memory_max": 0.00390625,
    "sorting_memory_runs": [
        0.00390625
    ],
    "filtering_time_mean": 2.2536497116088867,
    "filtering_time_std": 0.0,
    "filtering_time_min": 2.2536497116088867,
    "filtering_time_max": 2.2536497116088867,
    "filtering_time_runs": [
        2.2536497116088867
    ],
    "filtering_memory_mean": 1.40625,
    "filtering_memory_std": 0.0,
    "filtering_memory_min": 1.40625,
    "filtering_memory_max": 1.40625,
    "filtering_memory_runs": [
        1.40625
    ],
    "correlation_time_mean": 1.6343305110931396,
    "correlation_time_std": 0.0,
    "correlation_time_min": 1.6343305110931396,
    "correlation_time_max": 1.6343305110931396,
    "correlation_time_runs": [
        1.6343305110931396
    ],
    "correlation_memory_mean": 0.84765625,
    "correlation_memory_std": 0.0,
    "correlation_memory_min": 0.84765625,
    "correlation_memory_max": 0.84765625,
    "correlation_memory_runs": [
        0.84765625
    ]
}