{
    "memory_size_gb": 0.693835437297821,
    "row_count": 5000000,
    "average_filtered_value": 7500.750655602975,
    "total_operation_time_mean": 5.8240063190460205,
    "loading_time_mean": 3.522505044937134,
    "loading_time_std": 0.0,
    "loading_time_min": 3.522505044937134,
    "loading_time_max": 3.522505044937134,
    "loading_time_runs": [
        3.522505044937134
    ],
    "loading_memory_mean": 423.5078125,
    "loading_memory_std": 0.0,
    "loading_memory_min": 423.5078125,
    "loading_memory_max": 423.5078125,
    "loading_memory_runs": [
        423.5078125
    ],
    "cleaning_time_mean": 0.3985321521759033,
    "cleaning_time_std": 0.0,
    "cleaning_time_min": 0.3985321521759033,
    "cleaning_time_max": 0.3985321521759033,
    "cleaning_time_runs": [
        0.3985321521759033
    ],
    "cleaning_memory_mean": 190.74609375,
    "cleaning_memory_std": 0.0,
    "cleaning_memory_min": 190.74609375,
    "cleaning_memory_max": 190.74609375,
    "cleaning_memory_runs": [
        190.74609375
    ],
    "aggregation_time_mean": 0.5384492874145508,
    "aggregation_time_std": 0.0,
    "aggregation_time_min": 0.5384492874145508,
    "aggregation_time_max": 0.5384492874145508,
    "aggregation_time_runs": [
        0.5384492874145508
    ],
    "aggregation_memory_mean": 1.57421875,
    "aggregation_memory_std": 0.0,
    "aggregation_memory_min": 1.57421875,
    "aggregation_memory_max": 1.57421875,
    "aggregation_memory_runs": [
        1.57421875
    ],
    "sorting_time_mean": 0.8138799667358398,
    "sorting_time_std": 0.0,
    "sorting_time_min": 0.8138799667358398,
    "sorting_time_max": 0.8138799667358398,
    "sorting_time_runs": [
        0.8138799667358398
    ],
    "sorting_memory_mean": 228.94140625,
    "sorting_memory_std": 0.0,
    "sorting_memory_min": 228.94140625,
    "sorting_memory_max": 228.94140625,
    "sorting_memory_runs": [
        228.94140625
    ],
    "filtering_time_mean": 0.09354424476623535,
    "filtering_time_std": 0.0,
    "filtering_time_min": 0.09354424476623535,
    "filtering_time_max": 0.09354424476623535,
    "filtering_time_runs": [
        0.09354424476623535
    ],
    "filtering_memory_mean": 114.421875,
    "filtering_memory_std": 0.0,
    "filtering_memory_min": 114.421875,
    "filtering_memory_max": 114.421875,
    "filtering_memory_runs": [
        114.421875
    ],
    "correlation_time_mean": 0.4570956230163574,
    "correlation_time_std": 0.0,
    "correlation_time_min": 0.4570956230163574,
    "correlation_time_max": 0.4570956230163574,
    "correlation_time_runs": [
        0.4570956230163574
    ],
    "correlation_memory_mean": 0.09375,
    "correlation_memory_std": 0.0,
    "correlation_memory_min": 0.09375,
    "correlation_memory_max": 0.09375,
    "correlation_memory_runs": [
        0.09375
    ]
}