{
    "memory_size_gb": 0.7310883440077305,
    "row_count": 5000000,
    "loading_time_seconds": 2.8881685733795166,
    "cleaning_time_seconds": 0.3445911407470703,
    "aggregation_time_seconds": 0.42150306701660156,
    "sorting_time_seconds": 2.37726092338562,
    "filtering_time_seconds": 0.08900117874145508,
    "correlation_time_seconds": 0.4248936176300049,
    "average_filtered_value": 7498.603640230923,
    "total_operation_time_seconds": 6.5454185009002686
}