{
    "memory_size_gb": 0.06891799345612526,
    "row_count": 1000000,
    "loading_time_seconds": 7.437694311141968,
    "cleaning_time_seconds": 5.164910078048706,
    "aggregation_time_seconds": 4.553228378295898,
    "sorting_time_seconds": 1.4114925861358643,
    "filtering_time_seconds": 0.5973010063171387,
    "correlation_time_seconds": 5.228582859039307,
    "average_filtered_value": 10977.787448157242,
    "total_operation_time_seconds": 24.393209218978882
}