{
    "memory_size_gb": 0.021420419216156006,
    "row_count": 500000,
    "average_filtered_value": 75038.29452339467,
    "total_operation_time_mean": 1.185361957550049,
    "loading_time_mean": 0.06305756568908691,
    "loading_time_std": 0.011119796621357095,
    "loading_time_min": 0.05509233474731445,
    "loading_time_max": 0.08240556716918945,
    "loading_time_runs": [
        0.05953645706176758,
        0.05652785301208496,
        0.061725616455078125,
        0.08240556716918945,
        0.05509233474731445
    ],
    "loading_memory_mean": 25.38046875,
    "loading_memory_std": 11.60682672023977,
    "loading_memory_min": 13.63671875,
    "loading_memory_max": 39.76171875,
    "loading_memory_runs": [
        39.76171875,
        18.21484375,
        35.78515625,
        13.63671875,
        19.50390625
    ],
    "cleaning_time_mean": 0.010340356826782226,
    "cleaning_time_std": 0.0067458746678718965,
    "cleaning_time_min": 0.003978729248046875,
    "cleaning_time_max": 0.018301010131835938,
    "cleaning_time_runs": [
        0.016373395919799805,
        0.009040594100952148,
        0.004008054733276367,
        0.018301010131835938,
        0.003978729248046875
    ],
    "cleaning_memory_mean": 2.6515625,
    "cleaning_memory_std": 1.056315294764364,
    "cleaning_memory_min": 1.9375,
    "cleaning_memory_max": 4.5234375,
    "cleaning_memory_runs": [
        4.5234375,
        2.3046875,
        2.234375,
        2.2578125,
        1.9375
    ],
    "aggregation_time_mean": 0.7679262161254883,
    "aggregation_time_std": 0.3340471490660832,
    "aggregation_time_min": 0.40821385383605957,
    "aggregation_time_max": 1.2391107082366943,
    "aggregation_time_runs": [
        0.4865431785583496,
        0.40821385383605957,
        1.2391107082366943,
        0.8786780834197998,
        0.8270852565765381
    ],
    "aggregation_memory_mean": 15.3671875,
    "aggregation_memory_std": 7.590501129534264,
    "aggregation_memory_min": 5.12109375,
    "aggregation_memory_max": 24.3203125,
    "aggregation_memory_runs": [
        24.3203125,
        21.23046875,
        5.12109375,
        13.58203125,
        12.58203125
    ],
    "sorting_time_mean": 0.22909183502197267,
    "sorting_time_std": 0.06421547935802728,
    "sorting_time_min": 0.1560835838317871,
    "sorting_time_max": 0.32245349884033203,
    "sorting_time_runs": [
        0.1560835838317871,
        0.18334007263183594,
        0.32245349884033203,
        0.24580001831054688,
        0.23778200149536133
    ],
    "sorting_memory_mean": -3.28203125,
    "sorting_memory_std": 9.763608151109812,
    "sorting_memory_min": -13.390625,
    "sorting_memory_max": 8.19921875,
    "sorting_memory_runs": [
        8.19921875,
        -13.390625,
        -9.53125,
        6.09765625,
        -7.78515625
    ],
    "filtering_time_mean": 0.029782676696777345,
    "filtering_time_std": 0.01380826492044193,
    "filtering_time_min": 0.016980648040771484,
    "filtering_time_max": 0.044995784759521484,
    "filtering_time_runs": [
        0.016980648040771484,
        0.02037644386291504,
        0.044995784759521484,
        0.04455852508544922,
        0.022001981735229492
    ],
    "filtering_memory_mean": 9.5609375,
    "filtering_memory_std": 2.2920379153006567,
    "filtering_memory_min": 6.74609375,
    "filtering_memory_max": 11.5078125,
    "filtering_memory_runs": [
        11.0390625,
        11.5078125,
        11.1171875,
        6.74609375,
        7.39453125
    ],
    "correlation_time_mean": 0.0851633071899414,
    "correlation_time_std": 0.025298928228932694,
    "correlation_time_min": 0.056565046310424805,
    "correlation_time_max": 0.12591123580932617,
    "correlation_time_runs": [
        0.056565046310424805,
        0.08435511589050293,
        0.08240127563476562,
        0.0765838623046875,
        0.12591123580932617
    ],
    "correlation_memory_mean": 0.0,
    "correlation_memory_std": 0.0,
    "correlation_memory_min": 0.0,
    "correlation_memory_max": 0.0,
    "correlation_memory_runs": [
        0.0,
        0.0,
        0.0,
        0.0,
        0.0
    ]
}