{
    "row_count": 10000000,
    "loading_time_seconds": 12.679592609405518,
    "cleaning_time_seconds": 0.08475422859191895,
    "aggregation_time_seconds": 0.18684840202331543,
    "sorting_time_seconds": 0.0342404842376709,
    "filtering_time_seconds": 1.1907124519348145,
    "correlation_time_seconds": 8.160857915878296,
    "average_filtered_value": 7502.053136843133,
    "total_operation_time_seconds": 22.337006092071533
}