{
    "memory_size_gb": 0.34924621134996414,
    "row_count": 5000000,
    "loading_time_seconds": 5.862187385559082,
    "cleaning_time_seconds": 3.7229955196380615,
    "aggregation_time_seconds": 2.934495210647583,
    "sorting_time_seconds": 2.5301520824432373,
    "filtering_time_seconds": 0.40450143814086914,
    "correlation_time_seconds": 3.696326971054077,
    "average_filtered_value": 7498.603640230923,
    "total_operation_time_seconds": 19.15065860748291
}