{
    "memory_size_gb": 0.5960464477539062,
    "row_count": 10000000,
    "average_filtered_value": 7502.053136843133,
    "total_operation_time_mean": 2.296502876281738,
    "loading_time_mean": 0.5144430637359619,
    "loading_time_std": 0.08840134916360483,
    "loading_time_min": 0.4474673271179199,
    "loading_time_max": 0.6644906997680664,
    "loading_time_runs": [
        0.4474673271179199,
        0.4545559883117676,
        0.5170619487762451,
        0.6644906997680664,
        0.48863935470581055
    ],
    "loading_memory_mean": 304.1109375,
    "loading_memory_std": 28.941337130012617,
    "loading_memory_min": 262.99609375,
    "loading_memory_max": 341.48046875,
    "loading_memory_runs": [
        293.25390625,
        262.99609375,
        315.828125,
        306.99609375,
        341.48046875
    ],
    "cleaning_time_mean": 0.0196713924407959,
    "cleaning_time_std": 0.005902604763607062,
    "cleaning_time_min": 0.013555288314819336,
    "cleaning_time_max": 0.027590274810791016,
    "cleaning_time_runs": [
        0.022829532623291016,
        0.013555288314819336,
        0.027590274810791016,
        0.02010369300842285,
        0.014278173446655273
    ],
    "cleaning_memory_mean": -157.60859375,
    "cleaning_memory_std": 68.68568693758468,
    "cleaning_memory_min": -247.53125,
    "cleaning_memory_max": -96.96875,
    "cleaning_memory_runs": [
        -247.53125,
        -96.96875,
        -214.1328125,
        -125.45703125,
        -103.953125
    ],
    "aggregation_time_mean": 0.4852696418762207,
    "aggregation_time_std": 0.029733360625464614,
    "aggregation_time_min": 0.4516739845275879,
    "aggregation_time_max": 0.5317702293395996,
    "aggregation_time_runs": [
        0.47878456115722656,
        0.4725031852722168,
        0.49161624908447266,
        0.5317702293395996,
        0.4516739845275879
    ],
    "aggregation_memory_mean": -431.7375,
    "aggregation_memory_std": 38.33366224286048,
    "aggregation_memory_min": -490.46484375,
    "aggregation_memory_max": -391.72265625,
    "aggregation_memory_runs": [
        -403.890625,
        -490.46484375,
        -391.72265625,
        -438.609375,
        -434.0
    ],
    "sorting_time_mean": 0.7146442890167236,
    "sorting_time_std": 0.03848446310075052,
    "sorting_time_min": 0.6663119792938232,
    "sorting_time_max": 0.7621653079986572,
    "sorting_time_runs": [
        0.6663119792938232,
        0.7170891761779785,
        0.7395436763763428,
        0.7621653079986572,
        0.6881113052368164
    ],
    "sorting_memory_mean": -7.79375,
    "sorting_memory_std": 19.1090794338472,
    "sorting_memory_min": -36.1015625,
    "sorting_memory_max": 17.4921875,
    "sorting_memory_runs": [
        17.4921875,
        -7.69921875,
        -9.125,
        -3.53515625,
        -36.1015625
    ],
    "filtering_time_mean": 0.0541595458984375,
    "filtering_time_std": 0.011248522297571839,
    "filtering_time_min": 0.04334306716918945,
    "filtering_time_max": 0.07283687591552734,
    "filtering_time_runs": [
        0.05498218536376953,
        0.04334306716918945,
        0.05079245567321777,
        0.07283687591552734,
        0.0488431453704834
    ],
    "filtering_memory_mean": 268.9421875,
    "filtering_memory_std": 32.58585946387653,
    "filtering_memory_min": 222.796875,
    "filtering_memory_max": 296.64453125,
    "filtering_memory_runs": [
        290.5234375,
        296.64453125,
        288.34765625,
        222.796875,
        246.3984375
    ],
    "correlation_time_mean": 0.5083149433135986,
    "correlation_time_std": 0.07120344040204792,
    "correlation_time_min": 0.3973655700683594,
    "correlation_time_max": 0.5885493755340576,
    "correlation_time_runs": [
        0.5393326282501221,
        0.5885493755340576,
        0.49127793312072754,
        0.5250492095947266,
        0.3973655700683594
    ],
    "correlation_memory_mean": 18.1703125,
    "correlation_memory_std": 43.29951303045239,
    "correlation_memory_min": -4.0546875,
    "correlation_memory_max": 95.56640625,
    "correlation_memory_runs": [
        95.56640625,
        -0.0390625,
        -4.0546875,
        0.24609375,
        -0.8671875
    ]
}