{
    "memory_size_gb": 0.012293580919504166,
    "row_count": 100000,
    "average_filtered_value": 74898.06119020957,
    "total_operation_time_mean": 0.2365175724029541,
    "loading_time_mean": 0.1402534008026123,
    "loading_time_std": 0.008079072399447924,
    "loading_time_min": 0.13061881065368652,
    "loading_time_max": 0.15100693702697754,
    "loading_time_runs": [
        0.14098191261291504,
        0.13061881065368652,
        0.15100693702697754,
        0.13431048393249512,
        0.1443488597869873
    ],
    "loading_memory_mean": 4.3421875,
    "loading_memory_std": 0.49426489914553284,
    "loading_memory_min": 3.796875,
    "loading_memory_max": 4.7109375,
    "loading_memory_runs": [
        4.7109375,
        3.796875,
        4.69921875,
        3.8046875,
        4.69921875
    ],
    "cleaning_time_mean": 0.013110876083374023,
    "cleaning_time_std": 0.0029003020665283744,
    "cleaning_time_min": 0.010994911193847656,
    "cleaning_time_max": 0.018011093139648438,
    "cleaning_time_runs": [
        0.013483762741088867,
        0.018011093139648438,
        0.011400461196899414,
        0.011664152145385742,
        0.010994911193847656
    ],
    "cleaning_memory_mean": 2.94921875,
    "cleaning_memory_std": 0.0,
    "cleaning_memory_min": 2.94921875,
    "cleaning_memory_max": 2.94921875,
    "cleaning_memory_runs": [
        2.94921875,
        2.94921875,
        2.94921875,
        2.94921875,
        2.94921875
    ],
    "aggregation_time_mean": 0.051819562911987305,
    "aggregation_time_std": 0.006684574617933486,
    "aggregation_time_min": 0.044524192810058594,
    "aggregation_time_max": 0.06214118003845215,
    "aggregation_time_runs": [
        0.054001569747924805,
        0.044524192810058594,
        0.0486445426940918,
        0.06214118003845215,
        0.04978632926940918
    ],
    "aggregation_memory_mean": 3.79765625,
    "aggregation_memory_std": 0.0032682032286487327,
    "aggregation_memory_min": 3.79296875,
    "aggregation_memory_max": 3.80078125,
    "aggregation_memory_runs": [
        3.80078125,
        3.80078125,
        3.796875,
        3.796875,
        3.79296875
    ],
    "sorting_time_mean": 0.011787843704223634,
    "sorting_time_std": 0.0012440845649069996,
    "sorting_time_min": 0.009982109069824219,
    "sorting_time_max": 0.012857437133789062,
    "sorting_time_runs": [
        0.012857437133789062,
        0.009982109069824219,
        0.012504816055297852,
        0.012594938278198242,
        0.010999917984008789
    ],
    "sorting_memory_mean": 4.1890625,
    "sorting_memory_std": 0.3694308961249976,
    "sorting_memory_min": 3.91796875,
    "sorting_memory_max": 4.59375,
    "sorting_memory_runs": [
        3.91796875,
        4.59375,
        3.91796875,
        4.59375,
        3.921875
    ],
    "filtering_time_mean": 0.0029120445251464844,
    "filtering_time_std": 0.0005626072790392444,
    "filtering_time_min": 0.002001523971557617,
    "filtering_time_max": 0.003554821014404297,
    "filtering_time_runs": [
        0.003554821014404297,
        0.0030014514923095703,
        0.0030024051666259766,
        0.003000020980834961,
        0.002001523971557617
    ],
    "filtering_memory_mean": 2.6390625,
    "filtering_memory_std": 0.312373021077165,
    "filtering_memory_min": 2.296875,
    "filtering_memory_max": 2.8671875,
    "filtering_memory_runs": [
        2.8671875,
        2.296875,
        2.8671875,
        2.296875,
        2.8671875
    ],
    "correlation_time_mean": 0.01663384437561035,
    "correlation_time_std": 0.0018420053444153349,
    "correlation_time_min": 0.014998435974121094,
    "correlation_time_max": 0.01899886131286621,
    "correlation_time_runs": [
        0.018151283264160156,
        0.01599860191345215,
        0.01899886131286621,
        0.014998435974121094,
        0.015022039413452148
    ],
    "correlation_memory_mean": 0.575,
    "correlation_memory_std": 0.0017469281074217107,
    "correlation_memory_min": 0.57421875,
    "correlation_memory_max": 0.578125,
    "correlation_memory_runs": [
        0.578125,
        0.57421875,
        0.57421875,
        0.57421875,
        0.57421875
    ]
}