{
    "memory_size_gb": 0.27474015951156616,
    "row_count": 5000000,
    "loading_time_seconds": 0.6234936714172363,
    "cleaning_time_seconds": 0.0415492057800293,
    "aggregation_time_seconds": 0.4416782855987549,
    "sorting_time_seconds": 0.31924915313720703,
    "filtering_time_seconds": 0.0441744327545166,
    "correlation_time_seconds": 0.30494213104248047,
    "average_filtered_value": 7498.603640230923,
    "total_operation_time_seconds": 1.7750868797302246
}