{
    "row_count": 100000,
    "memory_size_gb": 0.004656735807657242,
    "average_filtered_value": 74898.06119020957,
    "total_operation_time_mean": 0.8809328079223633,
    "loading_time_mean": 0.2822162628173828,
    "loading_time_std": 0.03338414424755653,
    "loading_time_min": 0.2376713752746582,
    "loading_time_max": 0.31885480880737305,
    "loading_time_runs": [
        0.31885480880737305,
        0.3100607395172119,
        0.2811155319213867,
        0.2376713752746582,
        0.2633788585662842
    ],
    "loading_memory_mean": 3.01484375,
    "loading_memory_std": 0.4969879981574002,
    "loading_memory_min": 2.56640625,
    "loading_memory_max": 3.67578125,
    "loading_memory_runs": [
        2.88671875,
        2.56640625,
        2.56640625,
        3.37890625,
        3.67578125
    ],
    "cleaning_time_mean": 0.00030245780944824217,
    "cleaning_time_std": 0.0004488589771365753,
    "cleaning_time_min": 0.0,
    "cleaning_time_max": 0.0010008811950683594,
    "cleaning_time_runs": [
        0.0,
        0.0,
        0.0005114078521728516,
        0.0010008811950683594,
        0.0
    ],
    "cleaning_memory_mean": 0.0,
    "cleaning_memory_std": 0.0,
    "cleaning_memory_min": 0.0,
    "cleaning_memory_max": 0.0,
    "cleaning_memory_runs": [
        0.0,
        0.0,
        0.0,
        0.0,
        0.0
    ],
    "aggregation_time_mean": 0.011512231826782227,
    "aggregation_time_std": 0.002599286933140407,
    "aggregation_time_min": 0.009002447128295898,
    "aggregation_time_max": 0.015013456344604492,
    "aggregation_time_runs": [
        0.013002872467041016,
        0.009013175964355469,
        0.015013456344604492,
        0.011529207229614258,
        0.009002447128295898
    ],
    "aggregation_memory_mean": 0.00078125,
    "aggregation_memory_std": 0.0017469281074217107,
    "aggregation_memory_min": 0.0,
    "aggregation_memory_max": 0.00390625,
    "aggregation_memory_runs": [
        0.00390625,
        0.0,
        0.0,
        0.0,
        0.0
    ],
    "sorting_time_mean": 0.0007974624633789063,
    "sorting_time_std": 0.00044582264263313585,
    "sorting_time_min": 0.0,
    "sorting_time_max": 0.0009999275207519531,
    "sorting_time_runs": [
        0.0009996891021728516,
        0.00099945068359375,
        0.0009999275207519531,
        0.0,
        0.0009882450103759766
    ],
    "sorting_memory_mean": 0.0,
    "sorting_memory_std": 0.0,
    "sorting_memory_min": 0.0,
    "sorting_memory_max": 0.0,
    "sorting_memory_runs": [
        0.0,
        0.0,
        0.0,
        0.0,
        0.0
    ],
    "filtering_time_mean": 0.2564537048339844,
    "filtering_time_std": 0.011185582106584553,
    "filtering_time_min": 0.24510478973388672,
    "filtering_time_max": 0.26784801483154297,
    "filtering_time_runs": [
        0.26784801483154297,
        0.2671070098876953,
        0.2570674419403076,
        0.24514126777648926,
        0.24510478973388672
    ],
    "filtering_memory_mean": 0.08359375,
    "filtering_memory_std": 0.22022036526475872,
    "filtering_memory_min": -0.29296875,
    "filtering_memory_max": 0.23046875,
    "filtering_memory_runs": [
        0.23046875,
        0.0703125,
        0.18359375,
        0.2265625,
        -0.29296875
    ],
    "correlation_time_mean": 0.3296506881713867,
    "correlation_time_std": 0.028338904495311568,
    "correlation_time_min": 0.29206085205078125,
    "correlation_time_max": 0.3688621520996094,
    "correlation_time_runs": [
        0.3269674777984619,
        0.3688621520996094,
        0.34145259857177734,
        0.29206085205078125,
        0.3189103603363037
    ],
    "correlation_memory_mean": -0.09765625,
    "correlation_memory_std": 0.6602429214554528,
    "correlation_memory_min": -1.13671875,
    "correlation_memory_max": 0.5,
    "correlation_memory_runs": [
        -0.3359375,
        0.33984375,
        0.14453125,
        -1.13671875,
        0.5
    ]
}