{
    "memory_size_gb": 0.12386602535843849,
    "row_count": 1000000,
    "average_filtered_value": 7499.858703990418,
    "total_operation_time_mean": 0.9714156786600748,
    "loading_time_mean": 0.6137490272521973,
    "loading_time_std": 0.007722083494951349,
    "loading_time_min": 0.6058855056762695,
    "loading_time_max": 0.621321439743042,
    "loading_time_runs": [
        0.6058855056762695,
        0.6140401363372803,
        0.621321439743042
    ],
    "loading_memory_mean": 50.708333333333336,
    "loading_memory_std": 4.489497043048839,
    "loading_memory_min": 45.6484375,
    "loading_memory_max": 54.21484375,
    "loading_memory_runs": [
        54.21484375,
        52.26171875,
        45.6484375
    ],
    "cleaning_time_mean": 0.06150499979654948,
    "cleaning_time_std": 0.00548057831260741,
    "cleaning_time_min": 0.05679440498352051,
    "cleaning_time_max": 0.0675201416015625,
    "cleaning_time_runs": [
        0.0675201416015625,
        0.06020045280456543,
        0.05679440498352051
    ],
    "cleaning_memory_mean": 38.075520833333336,
    "cleaning_memory_std": 0.6923802872985216,
    "cleaning_memory_min": 37.671875,
    "cleaning_memory_max": 38.875,
    "cleaning_memory_runs": [
        37.671875,
        37.6796875,
        38.875
    ],
    "aggregation_time_mean": 0.08944964408874512,
    "aggregation_time_std": 0.006842129292305972,
    "aggregation_time_min": 0.08352541923522949,
    "aggregation_time_max": 0.0969386100769043,
    "aggregation_time_runs": [
        0.0969386100769043,
        0.08788490295410156,
        0.08352541923522949
    ],
    "aggregation_memory_mean": 2.1783854166666665,
    "aggregation_memory_std": 0.6356074145899895,
    "aggregation_memory_min": 1.6953125,
    "aggregation_memory_max": 2.8984375,
    "aggregation_memory_runs": [
        1.94140625,
        2.8984375,
        1.6953125
    ],
    "sorting_time_mean": 0.11087282498677571,
    "sorting_time_std": 0.0019793168878820934,
    "sorting_time_min": 0.10859560966491699,
    "sorting_time_max": 0.11217999458312988,
    "sorting_time_runs": [
        0.10859560966491699,
        0.11217999458312988,
        0.11184287071228027
    ],
    "sorting_memory_mean": 45.7890625,
    "sorting_memory_std": 0.0,
    "sorting_memory_min": 45.7890625,
    "sorting_memory_max": 45.7890625,
    "sorting_memory_runs": [
        45.7890625,
        45.7890625,
        45.7890625
    ],
    "filtering_time_mean": 0.015236536661783854,
    "filtering_time_std": 0.0013475948180679076,
    "filtering_time_min": 0.014088630676269531,
    "filtering_time_max": 0.016720294952392578,
    "filtering_time_runs": [
        0.014088630676269531,
        0.016720294952392578,
        0.014900684356689453
    ],
    "filtering_memory_mean": 20.748697916666668,
    "filtering_memory_std": 0.5119473090079885,
    "filtering_memory_min": 20.453125,
    "filtering_memory_max": 21.33984375,
    "filtering_memory_runs": [
        21.33984375,
        20.453125,
        20.453125
    ],
    "correlation_time_mean": 0.08060264587402344,
    "correlation_time_std": 0.002845689823164715,
    "correlation_time_min": 0.07773947715759277,
    "correlation_time_max": 0.08343052864074707,
    "correlation_time_runs": [
        0.07773947715759277,
        0.08343052864074707,
        0.08063793182373047
    ],
    "correlation_memory_mean": 0.0,
    "correlation_memory_std": 0.0,
    "correlation_memory_min": 0.0,
    "correlation_memory_max": 0.0,
    "correlation_memory_runs": [
        0.0,
        0.0,
        0.0
    ]
}