{
    "memory_size_gb": 0.3119930624961853,
    "row_count": 5000000,
    "loading_time_seconds": 0.9094235897064209,
    "cleaning_time_seconds": 0.004816770553588867,
    "aggregation_time_seconds": 3.485497236251831,
    "sorting_time_seconds": 3.1139461994171143,
    "filtering_time_seconds": 0.24275469779968262,
    "correlation_time_seconds": 2.428901195526123,
    "total_operation_time_seconds": 10.18533968925476
}