{
    "memory_size_gb": 0.6239861249923706,
    "row_count": 10000000,
    "loading_time_seconds": 0.4236023426055908,
    "cleaning_time_seconds": 0.00328826904296875,
    "aggregation_time_seconds": 2.653083086013794,
    "sorting_time_seconds": 2.873213529586792,
    "filtering_time_seconds": 0.21015262603759766,
    "correlation_time_seconds": 2.5206615924835205,
    "total_operation_time_seconds": 8.684001445770264
}