{
    "memory_size_gb": 0.27474015951156616,
    "row_count": 5000000,
    "loading_time_seconds": 0.1163339614868164,
    "cleaning_time_seconds": 0.0019986629486083984,
    "aggregation_time_seconds": 0.14551806449890137,
    "sorting_time_seconds": 0.22401762008666992,
    "filtering_time_seconds": 0.021984577178955078,
    "correlation_time_seconds": 0.2232520580291748,
    "average_filtered_value": 7498.603640230923,
    "total_operation_time_seconds": 0.733104944229126
}