{
    "memory_size_gb": 0.3119930624961853,
    "row_count": 5000000,
    "loading_time_seconds": 0.5081586837768555,
    "cleaning_time_seconds": 0.0010018348693847656,
    "aggregation_time_seconds": 1.1519289016723633,
    "sorting_time_seconds": 1.2355365753173828,
    "filtering_time_seconds": 0.13742733001708984,
    "correlation_time_seconds": 1.0599124431610107,
    "total_operation_time_seconds": 4.093965768814087
}