{
    "memory_size_gb": 0.5494803190231323,
    "row_count": 10000000,
    "loading_time_seconds": 0.41604137420654297,
    "cleaning_time_seconds": 0.05810976028442383,
    "aggregation_time_seconds": 0.5868446826934814,
    "sorting_time_seconds": 1.0881941318511963,
    "filtering_time_seconds": 0.05601358413696289,
    "correlation_time_seconds": 0.47208356857299805,
    "average_filtered_value": 7502.053136843133,
    "total_operation_time_seconds": 2.6772871017456055
}