{
    "memory_size_gb": 0.5494803190231323,
    "row_count": 10000000,
    "loading_time_seconds": 0.24942541122436523,
    "cleaning_time_seconds": 0.001996278762817383,
    "aggregation_time_seconds": 0.36029505729675293,
    "sorting_time_seconds": 0.5389969348907471,
    "filtering_time_seconds": 0.06749844551086426,
    "correlation_time_seconds": 0.40599775314331055,
    "average_filtered_value": 7502.053136843133,
    "total_operation_time_seconds": 1.6242098808288574
}