{
    "memory_size_gb": 0.4377216100692749,
    "row_count": 10000000,
    "average_filtered_value": 7499.888309149845,
    "total_operation_time_mean": 5.314007043838501,
    "loading_time_mean": 0.2500152587890625,
    "loading_time_std": 0.0,
    "loading_time_min": 0.2500152587890625,
    "loading_time_max": 0.2500152587890625,
    "loading_time_runs": [
        0.2500152587890625
    ],
    "loading_memory_mean": 851.39453125,
    "loading_memory_std": 0.0,
    "loading_memory_min": 851.39453125,
    "loading_memory_max": 851.39453125,
    "loading_memory_runs": [
        851.39453125
    ],
    "cleaning_time_mean": 0.055097103118896484,
    "cleaning_time_std": 0.0,
    "cleaning_time_min": 0.055097103118896484,
    "cleaning_time_max": 0.055097103118896484,
    "cleaning_time_runs": [
        0.055097103118896484
    ],
    "cleaning_memory_mean": 247.91796875,
    "cleaning_memory_std": 0.0,
    "cleaning_memory_min": 247.91796875,
    "cleaning_memory_max": 247.91796875,
    "cleaning_memory_runs": [
        247.91796875
    ],
    "aggregation_time_mean": 2.0454587936401367,
    "aggregation_time_std": 0.0,
    "aggregation_time_min": 2.0454587936401367,
    "aggregation_time_max": 2.0454587936401367,
    "aggregation_time_runs": [
        2.0454587936401367
    ],
    "aggregation_memory_mean": 278.87890625,
    "aggregation_memory_std": 0.0,
    "aggregation_memory_min": 278.87890625,
    "aggregation_memory_max": 278.87890625,
    "aggregation_memory_runs": [
        278.87890625
    ],
    "sorting_time_mean": 2.3991968631744385,
    "sorting_time_std": 0.0,
    "sorting_time_min": 2.3991968631744385,
    "sorting_time_max": 2.3991968631744385,
    "sorting_time_runs": [
        2.3991968631744385
    ],
    "sorting_memory_mean": 480.0546875,
    "sorting_memory_std": 0.0,
    "sorting_memory_min": 480.0546875,
    "sorting_memory_max": 480.0546875,
    "sorting_memory_runs": [
        480.0546875
    ],
    "filtering_time_mean": 0.1660764217376709,
    "filtering_time_std": 0.0,
    "filtering_time_min": 0.1660764217376709,
    "filtering_time_max": 0.1660764217376709,
    "filtering_time_runs": [
        0.1660764217376709
    ],
    "filtering_memory_mean": 235.87890625,
    "filtering_memory_std": 0.0,
    "filtering_memory_min": 235.87890625,
    "filtering_memory_max": 235.87890625,
    "filtering_memory_runs": [
        235.87890625
    ],
    "correlation_time_mean": 0.3981626033782959,
    "correlation_time_std": 0.0,
    "correlation_time_min": 0.3981626033782959,
    "correlation_time_max": 0.3981626033782959,
    "correlation_time_runs": [
        0.3981626033782959
    ],
    "correlation_memory_mean": 0.0234375,
    "correlation_memory_std": 0.0,
    "correlation_memory_min": 0.0234375,
    "correlation_memory_max": 0.0234375,
    "correlation_memory_runs": [
        0.0234375
    ]
}