{
    "memory_size_gb": 3.4035843340680003,
    "row_count": 50000001,
    "loading_time_seconds": 37.19130349159241,
    "cleaning_time_seconds": 21.99252486228943,
    "aggregation_time_seconds": 18.662562131881714,
    "sorting_time_seconds": 33.367334604263306,
    "filtering_time_seconds": 3.3325366973876953,
    "correlation_time_seconds": 18.2348051071167,
    "average_filtered_value": 7525.097169960293,
    "total_operation_time_seconds": 132.78106689453125
}