{
    "row_count": 50000000,
    "loading_time_seconds": 53.79348540306091,
    "cleaning_time_seconds": 0.1285715103149414,
    "aggregation_time_seconds": 0.28191471099853516,
    "sorting_time_seconds": 0.046631813049316406,
    "filtering_time_seconds": 2.0032689571380615,
    "correlation_time_seconds": 30.032981157302856,
    "average_filtered_value": 37498.01438806386,
    "total_operation_time_seconds": 86.28685355186462
}