{
    "memory_size_gb": 0.27474015951156616,
    "row_count": 5000000,
    "loading_time_seconds": 0.33072686195373535,
    "cleaning_time_seconds": 0.07521390914916992,
    "aggregation_time_seconds": 0.32613158226013184,
    "sorting_time_seconds": 0.5630977153778076,
    "filtering_time_seconds": 0.05367755889892578,
    "correlation_time_seconds": 0.736412525177002,
    "average_filtered_value": 7498.603640230923,
    "total_operation_time_seconds": 2.0852601528167725
}