{
    "row_count": 5000000,
    "memory_size_gb": 0.7130578160285949,
    "average_filtered_value": 7500.750655602975,
    "total_operation_time_mean": 45.8886616230011,
    "loading_time_mean": 3.0379343032836914,
    "loading_time_std": 0.0,
    "loading_time_min": 3.0379343032836914,
    "loading_time_max": 3.0379343032836914,
    "loading_time_runs": [
        3.0379343032836914
    ],
    "loading_memory_mean": -2.66796875,
    "loading_memory_std": 0.0,
    "loading_memory_min": -2.66796875,
    "loading_memory_max": -2.66796875,
    "loading_memory_runs": [
        -2.66796875
    ],
    "cleaning_time_mean": 0.054009199142456055,
    "cleaning_time_std": 0.0,
    "cleaning_time_min": 0.054009199142456055,
    "cleaning_time_max": 0.054009199142456055,
    "cleaning_time_runs": [
        0.054009199142456055
    ],
    "cleaning_memory_mean": 0.0,
    "cleaning_memory_std": 0.0,
    "cleaning_memory_min": 0.0,
    "cleaning_memory_max": 0.0,
    "cleaning_memory_runs": [
        0.0
    ],
    "aggregation_time_mean": 0.11839485168457031,
    "aggregation_time_std": 0.0,
    "aggregation_time_min": 0.11839485168457031,
    "aggregation_time_max": 0.11839485168457031,
    "aggregation_time_runs": [
        0.11839485168457031
    ],
    "aggregation_memory_mean": -1.0,
    "aggregation_memory_std": 0.0,
    "aggregation_memory_min": -1.0,
    "aggregation_memory_max": -1.0,
    "aggregation_memory_runs": [
        -1.0
    ],
    "sorting_time_mean": 0.020004987716674805,
    "sorting_time_std": 0.0,
    "sorting_time_min": 0.020004987716674805,
    "sorting_time_max": 0.020004987716674805,
    "sorting_time_runs": [
        0.020004987716674805
    ],
    "sorting_memory_mean": 0.0,
    "sorting_memory_std": 0.0,
    "sorting_memory_min": 0.0,
    "sorting_memory_max": 0.0,
    "sorting_memory_runs": [
        0.0
    ],
    "filtering_time_mean": 2.212984085083008,
    "filtering_time_std": 0.0,
    "filtering_time_min": 2.212984085083008,
    "filtering_time_max": 2.212984085083008,
    "filtering_time_runs": [
        2.212984085083008
    ],
    "filtering_memory_mean": 0.00390625,
    "filtering_memory_std": 0.0,
    "filtering_memory_min": 0.00390625,
    "filtering_memory_max": 0.00390625,
    "filtering_memory_runs": [
        0.00390625
    ],
    "correlation_time_mean": 40.4453341960907,
    "correlation_time_std": 0.0,
    "correlation_time_min": 40.4453341960907,
    "correlation_time_max": 40.4453341960907,
    "correlation_time_runs": [
        40.4453341960907
    ],
    "correlation_memory_mean": -0.03125,
    "correlation_memory_std": 0.0,
    "correlation_memory_min": -0.03125,
    "correlation_memory_max": -0.03125,
    "correlation_memory_runs": [
        -0.03125
    ]
}