{
    "memory_size_gb": 0.34924621134996414,
    "row_count": 5000000,
    "loading_time_seconds": 3.949300527572632,
    "cleaning_time_seconds": 2.4871325492858887,
    "aggregation_time_seconds": 2.1538918018341064,
    "sorting_time_seconds": 2.034060001373291,
    "filtering_time_seconds": 0.3118894100189209,
    "correlation_time_seconds": 2.5814592838287354,
    "average_filtered_value": 7498.603640230923,
    "total_operation_time_seconds": 13.517733573913574
}